route_id,scheduled_time,actual_time,weather,passenger_count,latitude,longitude,delay_minutes,_scheduled_dt,_actual_dt,delay_computed,delay_flagged,delay_imputed,scheduled_hour,time_of_day,day_of_week,is_weekend,day_type,weather_severity_cat,weather_severity,route_id_clean,route_frequency,route_frequency_norm,weather_Cloudy,weather_Rainy,weather_Sunny,weather_Unknown,weather_severity_cat_heavy,weather_severity_cat_light,weather_severity_cat_moderate,route_id_Route-1,route_id_Route-2,route_id_Route-3,route_id_Route-4,time_of_day_afternoon,time_of_day_evening,time_of_day_morning,time_of_day_night,day_type_weekday,day_type_weekend,passenger_count_orig,passenger_count_winsor,delay_minutes_orig,delay_minutes_winsor
Route-3,2025-01-01 12:00 AM,1:22 AM,Sunny,250,24.54423646,32.55524832,82.0,2025-01-01 00:00:00,1900-01-01 01:22:00,True,False,False,0,night,2,0,weekday,light,0,Route-3,137,1.0,False,False,True,False,False,True,False,False,False,True,False,False,False,False,True,True,False,250,250.0,82.0,82.0
Route-4,2025-01-01 1:00 AM,2:24 AM,Sunny,250,24.64387847,32.63629561,84.0,2025-01-01 01:00:00,1900-01-01 02:24:00,True,False,False,1,night,2,0,weekday,light,0,Route-4,48,0.35036496350364965,False,False,True,False,False,True,False,False,False,False,True,False,False,False,True,True,False,250,250.0,84.0,84.0
Route-3,2025-01-01 2:00 AM,3:45 AM,Sunny,250,24.363132,31.18681932,105.0,2025-01-01 02:00:00,1900-01-01 03:45:00,True,False,False,2,night,2,0,weekday,light,0,Route-3,137,1.0,False,False,True,False,False,True,False,False,False,True,False,False,False,False,True,True,False,250,250.0,105.0,105.0
Route-4,2025-01-01 3:00 AM,5:29 AM,Cloudy,36,25.53307125,32.53750795,149.0,2025-01-01 03:00:00,1900-01-01 05:29:00,True,False,False,3,night,2,0,weekday,moderate,1,Route-4,48,0.35036496350364965,True,False,False,False,False,False,True,False,False,False,True,False,False,False,True,True,False,36,36.0,149.0,149.0
Route-4,2025-01-01 4:00 AM,04.56AM,Cloudy,76,23.29424774,33.41921085,84.5,2025-01-01 04:00:00,,False,False,True,4,night,2,0,weekday,moderate,1,Route-4,48,0.35036496350364965,True,False,False,False,False,False,True,False,False,False,True,False,False,False,True,True,False,76,76.0,84.5,84.5
Route-2,2025-01-01 5:00 AM,05.43AM,Sunny,112,24.46472341,32.37771963,84.5,2025-01-01 05:00:00,,False,False,True,5,night,2,0,weekday,light,0,Route-2,46,0.3357664233576642,False,False,True,False,False,True,False,False,True,False,False,False,False,False,True,True,False,112,112.0,84.5,84.5
Route-3,2025-01-01 6:00 AM,08.43AM,Cloudy,61,23.45014599,31.15586973,84.5,2025-01-01 06:00:00,,False,False,True,6,morning,2,0,weekday,moderate,1,Route-3,137,1.0,True,False,False,False,False,False,True,False,False,True,False,False,False,True,False,True,False,61,61.0,84.5,84.5
Route-3,2025-01-01 7:00 AM,8:15 AM,Cloudy,250,23.97402778,33.3588346,75.0,2025-01-01 07:00:00,1900-01-01 08:15:00,True,False,False,7,morning,2,0,weekday,moderate,1,Route-3,137,1.0,True,False,False,False,False,False,True,False,False,True,False,False,False,True,False,True,False,250,250.0,75.0,75.0
Route-3,2025-01-01 8:00 AM,10.24AM,Sunny,76,25.21207123,31.60409135,84.5,2025-01-01 08:00:00,,False,False,True,8,morning,2,0,weekday,light,0,Route-3,137,1.0,False,False,True,False,False,True,False,False,False,True,False,False,False,True,False,True,False,76,76.0,84.5,84.5
Route-4,2025-01-01 9:00 AM,9:06 AM,Unknown,112,24.42805439,31.7758625,6.0,2025-01-01 09:00:00,1900-01-01 09:06:00,True,False,False,9,morning,2,0,weekday,light,0,Route-4,48,0.35036496350364965,False,False,False,True,False,True,False,False,False,False,True,False,False,True,False,True,False,112,112.0,6.0,6.0
Route-3,2025-01-01 10:00 AM,12:45 PM,Cloudy,91,24.12766486,31.49411906,165.0,2025-01-01 10:00:00,1900-01-01 12:45:00,True,False,False,10,morning,2,0,weekday,moderate,1,Route-3,137,1.0,True,False,False,False,False,False,True,False,False,True,False,False,False,True,False,True,False,91,91.0,165.0,165.0
Route-3,2025-01-01 11:00 AM,11:15 AM,Sunny,47,24.18342884,31.99064519,15.0,2025-01-01 11:00:00,1900-01-01 11:15:00,True,False,False,11,morning,2,0,weekday,light,0,Route-3,137,1.0,False,False,True,False,False,True,False,False,False,True,False,False,False,True,False,True,False,47,47.0,15.0,15.0
Route-4,2025-01-01 12:00 PM,2:21 PM,Cloudy,44,24.37834031,33.27025452,141.0,2025-01-01 12:00:00,1900-01-01 14:21:00,True,False,False,12,afternoon,2,0,weekday,moderate,1,Route-4,48,0.35036496350364965,True,False,False,False,False,False,True,False,False,False,True,True,False,False,False,True,False,44,44.0,141.0,141.0
Route-2,2025-01-01 1:00 PM,,Cloudy,112,25.35504963,32.55815758,84.5,2025-01-01 13:00:00,,False,False,True,13,afternoon,2,0,weekday,moderate,1,Route-2,46,0.3357664233576642,True,False,False,False,False,False,True,False,True,False,False,True,False,False,False,True,False,112,112.0,84.5,84.5
Route-3,2025-01-01 2:00 PM,,Cloudy,112,25.67625407,31.61464382,84.5,2025-01-01 14:00:00,,False,False,True,14,afternoon,2,0,weekday,moderate,1,Route-3,137,1.0,True,False,False,False,False,False,True,False,False,True,False,True,False,False,False,True,False,112,112.0,84.5,84.5
Route-2,2025-01-01 3:00 PM,3:09 PM,Cloudy,250,25.86600406,33.63349023,9.0,2025-01-01 15:00:00,1900-01-01 15:09:00,True,False,False,15,afternoon,2,0,weekday,moderate,1,Route-2,46,0.3357664233576642,True,False,False,False,False,False,True,False,True,False,False,True,False,False,False,True,False,250,250.0,9.0,9.0
Route-3,2025-01-01 4:00 PM,,Unknown,112,25.36071016,33.63874556,84.5,2025-01-01 16:00:00,,False,False,True,16,afternoon,2,0,weekday,light,0,Route-3,137,1.0,False,False,False,True,False,True,False,False,False,True,False,True,False,False,False,True,False,112,112.0,84.5,84.5
Route-4,2025-01-01 5:00 PM,7:11 PM,Rainy,112,23.94622069,33.61173528,131.0,2025-01-01 17:00:00,1900-01-01 19:11:00,True,False,False,17,evening,2,0,weekday,heavy,2,Route-4,48,0.35036496350364965,False,True,False,False,True,False,False,False,False,False,True,False,True,False,False,True,False,112,112.0,131.0,131.0
Route-1,2025-01-01 6:00 PM,07.21PM,Sunny,250,25.06440412,31.71638863,84.5,2025-01-01 18:00:00,,False,False,True,18,evening,2,0,weekday,light,0,Route-1,69,0.5036496350364964,False,False,True,False,False,True,False,True,False,False,False,False,True,False,False,True,False,250,250.0,84.5,84.5
Route-3,2025-01-01 7:00 PM,,Sunny,250,24.31280937,32.35371803,84.5,2025-01-01 19:00:00,,False,False,True,19,evening,2,0,weekday,light,0,Route-3,137,1.0,False,False,True,False,False,True,False,False,False,True,False,False,True,False,False,True,False,250,250.0,84.5,84.5
Route-2,2025-01-01 8:00 PM,9:15 PM,Sunny,112,23.76401187,33.95496897,75.0,2025-01-01 20:00:00,1900-01-01 21:15:00,True,False,False,20,evening,2,0,weekday,light,0,Route-2,46,0.3357664233576642,False,False,True,False,False,True,False,False,True,False,False,False,True,False,False,True,False,112,112.0,75.0,75.0
Route-4,2025-01-01 9:00 PM,09.52PM,Cloudy,250,25.52261474,33.31603743,84.5,2025-01-01 21:00:00,,False,False,True,21,evening,2,0,weekday,moderate,1,Route-4,48,0.35036496350364965,True,False,False,False,False,False,True,False,False,False,True,False,True,False,False,True,False,250,250.0,84.5,84.5
Route-3,2025-01-01 10:00 PM,10.47PM,Sunny,104,23.11527905,31.08150226,84.5,2025-01-01 22:00:00,,False,False,True,22,night,2,0,weekday,light,0,Route-3,137,1.0,False,False,True,False,False,True,False,False,False,True,False,False,False,False,True,True,False,104,104.0,84.5,84.5
Route-1,2025-01-01 11:00 PM,,Sunny,97,25.70528598,31.19561377,84.5,2025-01-01 23:00:00,,False,False,True,23,night,2,0,weekday,light,0,Route-1,69,0.5036496350364964,False,False,True,False,False,True,False,True,False,False,False,False,False,False,True,True,False,97,97.0,84.5,84.5
Route-1,2025-01-02 12:00 AM,,Cloudy,112,24.38443239,32.39179413,84.5,2025-01-02 00:00:00,,False,False,True,0,night,3,0,weekday,moderate,1,Route-1,69,0.5036496350364964,True,False,False,False,False,False,True,True,False,False,False,False,False,False,True,True,False,112,112.0,84.5,84.5
Route-3,2025-01-02 1:00 AM,1:43 AM,Cloudy,73,24.91160443,33.72766062,43.0,2025-01-02 01:00:00,1900-01-01 01:43:00,True,False,False,1,night,3,0,weekday,moderate,1,Route-3,137,1.0,True,False,False,False,False,False,True,False,False,True,False,False,False,False,True,True,False,73,73.0,43.0,43.0
Route-3,2025-01-02 2:00 AM,1:57 AM,Rainy,112,24.97806177,32.61610539,-3.0,2025-01-02 02:00:00,1900-01-01 01:57:00,True,False,False,2,night,3,0,weekday,heavy,2,Route-3,137,1.0,False,True,False,False,True,False,False,False,False,True,False,False,False,False,True,True,False,112,112.0,-3.0,-3.0
Route-2,2025-01-02 3:00 AM,4:37 AM,Rainy,250,25.68535322,32.49343752,97.0,2025-01-02 03:00:00,1900-01-01 04:37:00,True,False,False,3,night,3,0,weekday,heavy,2,Route-2,46,0.3357664233576642,False,True,False,False,True,False,False,False,True,False,False,False,False,False,True,True,False,250,250.0,97.0,97.0
Route-3,2025-01-02 4:00 AM,3:55 AM,Rainy,250,24.91000905,31.3164211,-5.0,2025-01-02 04:00:00,1900-01-01 03:55:00,True,False,False,4,night,3,0,weekday,heavy,2,Route-3,137,1.0,False,True,False,False,True,False,False,False,False,True,False,False,False,False,True,True,False,250,250.0,-5.0,-5.0
Route-3,2025-01-02 5:00 AM,6:23 AM,Cloudy,63,24.84180075,32.97034031,83.0,2025-01-02 05:00:00,1900-01-01 06:23:00,True,False,False,5,night,3,0,weekday,moderate,1,Route-3,137,1.0,True,False,False,False,False,False,True,False,False,True,False,False,False,False,True,True,False,63,63.0,83.0,83.0
Route-3,2025-01-02 6:00 AM,8:37 AM,Rainy,250,23.19995612,33.46630948,157.0,2025-01-02 06:00:00,1900-01-01 08:37:00,True,False,False,6,morning,3,0,weekday,heavy,2,Route-3,137,1.0,False,True,False,False,True,False,False,False,False,True,False,False,False,True,False,True,False,250,250.0,157.0,157.0
Route-3,2025-01-02 7:00 AM,08.35AM,Cloudy,250,24.55522407,32.14126002,84.5,2025-01-02 07:00:00,,False,False,True,7,morning,3,0,weekday,moderate,1,Route-3,137,1.0,True,False,False,False,False,False,True,False,False,True,False,False,False,True,False,True,False,250,250.0,84.5,84.5
Route-3,2025-01-02 8:00 AM,,Sunny,112,23.450507,33.32683555,84.5,2025-01-02 08:00:00,,False,False,True,8,morning,3,0,weekday,light,0,Route-3,137,1.0,False,False,True,False,False,True,False,False,False,True,False,False,False,True,False,True,False,112,112.0,84.5,84.5
Route-1,2025-01-02 9:00 AM,09.08AM,Cloudy,112,25.21230131,33.89342996,84.5,2025-01-02 09:00:00,,False,False,True,9,morning,3,0,weekday,moderate,1,Route-1,69,0.5036496350364964,True,False,False,False,False,False,True,True,False,False,False,False,False,True,False,True,False,112,112.0,84.5,84.5
Route-3,2025-01-02 10:00 AM,,Cloudy,112,24.53666576,31.61129938,84.5,2025-01-02 10:00:00,,False,False,True,10,morning,3,0,weekday,moderate,1,Route-3,137,1.0,True,False,False,False,False,False,True,False,False,True,False,False,False,True,False,True,False,112,112.0,84.5,84.5
Route-4,2025-01-02 11:00 AM,,Sunny,112,25.04068334,32.56998889,84.5,2025-01-02 11:00:00,,False,False,True,11,morning,3,0,weekday,light,0,Route-4,48,0.35036496350364965,False,False,True,False,False,True,False,False,False,False,True,False,False,True,False,True,False,112,112.0,84.5,84.5
Route-3,2025-01-02 12:00 PM,12:12 PM,Cloudy,112,23.1250187,31.86141387,12.0,2025-01-02 12:00:00,1900-01-01 12:12:00,True,False,False,12,afternoon,3,0,weekday,moderate,1,Route-3,137,1.0,True,False,False,False,False,False,True,False,False,True,False,True,False,False,False,True,False,112,112.0,12.0,12.0
Route-4,2025-01-02 1:00 PM,02.58PM,Rainy,112,23.25437605,33.37856326,84.5,2025-01-02 13:00:00,,False,False,True,13,afternoon,3,0,weekday,heavy,2,Route-4,48,0.35036496350364965,False,True,False,False,True,False,False,False,False,False,True,True,False,False,False,True,False,112,112.0,84.5,84.5
Route-1,2025-01-02 2:00 PM,02.23PM,Sunny,250,25.14897016,32.7327801,84.5,2025-01-02 14:00:00,,False,False,True,14,afternoon,3,0,weekday,light,0,Route-1,69,0.5036496350364964,False,False,True,False,False,True,False,True,False,False,False,True,False,False,False,True,False,250,250.0,84.5,84.5
Route-2,2025-01-02 3:00 PM,,Sunny,112,23.21625301,32.90374725,84.5,2025-01-02 15:00:00,,False,False,True,15,afternoon,3,0,weekday,light,0,Route-2,46,0.3357664233576642,False,False,True,False,False,True,False,False,True,False,False,True,False,False,False,True,False,112,112.0,84.5,84.5
Route-3,2025-01-02 4:00 PM,5:46 PM,Rainy,97,23.21377018,33.39374248,106.0,2025-01-02 16:00:00,1900-01-01 17:46:00,True,False,False,16,afternoon,3,0,weekday,heavy,2,Route-3,137,1.0,False,True,False,False,True,False,False,False,False,True,False,True,False,False,False,True,False,97,97.0,106.0,106.0
Route-1,2025-01-02 5:00 PM,05.58PM,Sunny,98,23.03632543,32.18791142,84.5,2025-01-02 17:00:00,,False,False,True,17,evening,3,0,weekday,light,0,Route-1,69,0.5036496350364964,False,False,True,False,False,True,False,True,False,False,False,False,True,False,False,True,False,98,98.0,84.5,84.5
Route-3,2025-01-02 6:00 PM,07.05PM,Sunny,112,25.86950419,33.74527021,84.5,2025-01-02 18:00:00,,False,False,True,18,evening,3,0,weekday,light,0,Route-3,137,1.0,False,False,True,False,False,True,False,False,False,True,False,False,True,False,False,True,False,112,112.0,84.5,84.5
Route-2,2025-01-02 7:00 PM,8:15 PM,Sunny,250,25.21252508,32.5990866,75.0,2025-01-02 19:00:00,1900-01-01 20:15:00,True,False,False,19,evening,3,0,weekday,light,0,Route-2,46,0.3357664233576642,False,False,True,False,False,True,False,False,True,False,False,False,True,False,False,True,False,250,250.0,75.0,75.0
Route-2,2025-01-02 8:00 PM,8:58 PM,Rainy,250,24.05975423,31.47386447,58.0,2025-01-02 20:00:00,1900-01-01 20:58:00,True,False,False,20,evening,3,0,weekday,heavy,2,Route-2,46,0.3357664233576642,False,True,False,False,True,False,False,False,True,False,False,False,True,False,False,True,False,250,250.0,58.0,58.0
Route-1,2025-01-02 9:00 PM,,Rainy,66,23.88960674,33.08769735,84.5,2025-01-02 21:00:00,,False,False,True,21,evening,3,0,weekday,heavy,2,Route-1,69,0.5036496350364964,False,True,False,False,True,False,False,True,False,False,False,False,True,False,False,True,False,66,66.0,84.5,84.5
Route-2,2025-01-02 10:00 PM,12.13AM,Sunny,55,24.04910969,33.37978405,84.5,2025-01-02 22:00:00,,False,False,True,22,night,3,0,weekday,light,0,Route-2,46,0.3357664233576642,False,False,True,False,False,True,False,False,True,False,False,False,False,False,True,True,False,55,55.0,84.5,84.5
Route-4,2025-01-02 11:00 PM,12:14 AM,Sunny,79,25.32396059,31.95028503,74.0,2025-01-02 23:00:00,1900-01-01 00:14:00,True,False,False,23,night,3,0,weekday,light,0,Route-4,48,0.35036496350364965,False,False,True,False,False,True,False,False,False,False,True,False,False,False,True,True,False,79,79.0,74.0,74.0
Route-2,2025-01-03 12:00 AM,1:30 AM,Cloudy,112,24.98411183,33.57153777,90.0,2025-01-03 00:00:00,1900-01-01 01:30:00,True,False,False,0,night,4,0,weekday,moderate,1,Route-2,46,0.3357664233576642,True,False,False,False,False,False,True,False,True,False,False,False,False,False,True,True,False,112,112.0,90.0,90.0
Route-3,2025-01-03 1:00 AM,,Cloudy,112,23.5555867,33.71842976,84.5,2025-01-03 01:00:00,,False,False,True,1,night,4,0,weekday,moderate,1,Route-3,137,1.0,True,False,False,False,False,False,True,False,False,True,False,False,False,False,True,True,False,112,112.0,84.5,84.5
Route-3,2025-01-03 2:00 AM,03.29AM,Rainy,112,24.54423646,32.55524832,84.5,2025-01-03 02:00:00,,False,False,True,2,night,4,0,weekday,heavy,2,Route-3,137,1.0,False,True,False,False,True,False,False,False,False,True,False,False,False,False,True,True,False,112,112.0,84.5,84.5
Route-3,2025-01-03 3:00 AM,05.07AM,Rainy,34,23.29518695,33.95056442,84.5,2025-01-03 03:00:00,,False,False,True,3,night,4,0,weekday,heavy,2,Route-3,137,1.0,False,True,False,False,True,False,False,False,False,True,False,False,False,False,True,True,False,34,34.0,84.5,84.5
Route-3,2025-01-03 4:00 AM,5:25 AM,Rainy,250,24.98090816,31.42213458,85.0,2025-01-03 04:00:00,1900-01-01 05:25:00,True,False,False,4,night,4,0,weekday,heavy,2,Route-3,137,1.0,False,True,False,False,True,False,False,False,False,True,False,False,False,False,True,True,False,250,250.0,85.0,85.0
Route-4,2025-01-03 5:00 AM,4:53 AM,Cloudy,112,25.29311799,31.60604701,-7.0,2025-01-03 05:00:00,1900-01-01 04:53:00,True,False,False,5,night,4,0,weekday,moderate,1,Route-4,48,0.35036496350364965,True,False,False,False,False,False,True,False,False,False,True,False,False,False,True,True,False,112,112.0,-7.0,-7.0
Route-3,2025-01-03 6:00 AM,7:57 AM,Unknown,45,23.79513928,31.55267452,117.0,2025-01-03 06:00:00,1900-01-01 07:57:00,True,False,False,6,morning,4,0,weekday,light,0,Route-3,137,1.0,False,False,False,True,False,True,False,False,False,True,False,False,False,True,False,True,False,45,45.0,117.0,117.0
Route-1,2025-01-03 7:00 AM,09.09AM,Sunny,112,23.06283488,33.68196913,84.5,2025-01-03 07:00:00,,False,False,True,7,morning,4,0,weekday,light,0,Route-1,69,0.5036496350364964,False,False,True,False,False,True,False,True,False,False,False,False,False,True,False,True,False,112,112.0,84.5,84.5
Route-3,2025-01-03 8:00 AM,8:22 AM,Rainy,112,23.246515,32.96287766,22.0,2025-01-03 08:00:00,1900-01-01 08:22:00,True,False,False,8,morning,4,0,weekday,heavy,2,Route-3,137,1.0,False,True,False,False,True,False,False,False,False,True,False,False,False,True,False,True,False,112,112.0,22.0,22.0
Route-2,2025-01-03 9:00 AM,11:40 AM,Sunny,63,25.9035801,31.45631285,160.0,2025-01-03 09:00:00,1900-01-01 11:40:00,True,False,False,9,morning,4,0,weekday,light,0,Route-2,46,0.3357664233576642,False,False,True,False,False,True,False,False,True,False,False,False,False,True,False,True,False,63,63.0,160.0,160.0
Route-3,2025-01-03 10:00 AM,10:54 AM,Rainy,250,23.88633433,32.32097026,54.0,2025-01-03 10:00:00,1900-01-01 10:54:00,True,False,False,10,morning,4,0,weekday,heavy,2,Route-3,137,1.0,False,True,False,False,True,False,False,False,False,True,False,False,False,True,False,True,False,250,250.0,54.0,54.0
Route-2,2025-01-03 11:00 AM,11:32 AM,Cloudy,250,25.30766944,32.84589408,32.0,2025-01-03 11:00:00,1900-01-01 11:32:00,True,False,False,11,morning,4,0,weekday,moderate,1,Route-2,46,0.3357664233576642,True,False,False,False,False,False,True,False,True,False,False,False,False,True,False,True,False,250,250.0,32.0,32.0
Route-2,2025-01-03 12:00 PM,,Cloudy,107,24.87399071,31.25039225,84.5,2025-01-03 12:00:00,,False,False,True,12,afternoon,4,0,weekday,moderate,1,Route-2,46,0.3357664233576642,True,False,False,False,False,False,True,False,True,False,False,True,False,False,False,True,False,107,107.0,84.5,84.5
Route-3,2025-01-03 1:00 PM,2:59 PM,Sunny,112,24.14581892,33.64724911,119.0,2025-01-03 13:00:00,1900-01-01 14:59:00,True,False,False,13,afternoon,4,0,weekday,light,0,Route-3,137,1.0,False,False,True,False,False,True,False,False,False,True,False,True,False,False,False,True,False,112,112.0,119.0,119.0
Route-4,2025-01-03 2:00 PM,,Cloudy,116,23.61706179,33.41081061,84.5,2025-01-03 14:00:00,,False,False,True,14,afternoon,4,0,weekday,moderate,1,Route-4,48,0.35036496350364965,True,False,False,False,False,False,True,False,False,False,True,True,False,False,False,True,False,116,116.0,84.5,84.5
Route-2,2025-01-03 3:00 PM,04.10PM,Cloudy,112,23.36415925,32.51562032,84.5,2025-01-03 15:00:00,,False,False,True,15,afternoon,4,0,weekday,moderate,1,Route-2,46,0.3357664233576642,True,False,False,False,False,False,True,False,True,False,False,True,False,False,False,True,False,112,112.0,84.5,84.5
Route-2,2025-01-03 4:00 PM,06.23PM,Sunny,80,24.8450389,33.90137985,84.5,2025-01-03 16:00:00,,False,False,True,16,afternoon,4,0,weekday,light,0,Route-2,46,0.3357664233576642,False,False,True,False,False,True,False,False,True,False,False,True,False,False,False,True,False,80,80.0,84.5,84.5
Route-3,2025-01-03 5:00 PM,,Sunny,112,25.32390134,32.25328294,84.5,2025-01-03 17:00:00,,False,False,True,17,evening,4,0,weekday,light,0,Route-3,137,1.0,False,False,True,False,False,True,False,False,False,True,False,False,True,False,False,True,False,112,112.0,84.5,84.5
Route-2,2025-01-03 6:00 PM,7:34 PM,Sunny,112,24.93171276,33.95233096,94.0,2025-01-03 18:00:00,1900-01-01 19:34:00,True,False,False,18,evening,4,0,weekday,light,0,Route-2,46,0.3357664233576642,False,False,True,False,False,True,False,False,True,False,False,False,True,False,False,True,False,112,112.0,94.0,94.0
Route-2,2025-01-03 7:00 PM,8:43 PM,Sunny,112,24.5909064,33.00376,103.0,2025-01-03 19:00:00,1900-01-01 20:43:00,True,False,False,19,evening,4,0,weekday,light,0,Route-2,46,0.3357664233576642,False,False,True,False,False,True,False,False,True,False,False,False,True,False,False,True,False,112,112.0,103.0,103.0
Route-3,2025-01-03 8:00 PM,9:49 PM,Unknown,250,23.12585367,32.90401382,109.0,2025-01-03 20:00:00,1900-01-01 21:49:00,True,False,False,20,evening,4,0,weekday,light,0,Route-3,137,1.0,False,False,False,True,False,True,False,False,False,True,False,False,True,False,False,True,False,250,250.0,109.0,109.0
Route-3,2025-01-03 9:00 PM,11.33PM,Cloudy,250,25.90546633,31.49786469,84.5,2025-01-03 21:00:00,,False,False,True,21,evening,4,0,weekday,moderate,1,Route-3,137,1.0,True,False,False,False,False,False,True,False,False,True,False,False,True,False,False,True,False,250,250.0,84.5,84.5
Route-1,2025-01-03 10:00 PM,12:21 AM,Sunny,40,25.39614257,33.64578327,141.0,2025-01-03 22:00:00,1900-01-01 00:21:00,True,False,False,22,night,4,0,weekday,light,0,Route-1,69,0.5036496350364964,False,False,True,False,False,True,False,True,False,False,False,False,False,False,True,True,False,40,40.0,141.0,141.0
Route-4,2025-01-03 11:00 PM,11.25PM,Unknown,112,23.87846611,32.28246906,84.5,2025-01-03 23:00:00,,False,False,True,23,night,4,0,weekday,light,0,Route-4,48,0.35036496350364965,False,False,False,True,False,True,False,False,False,False,True,False,False,False,True,True,False,112,112.0,84.5,84.5
Route-4,2025-01-04 12:00 AM,1:25 AM,Cloudy,85,25.93991099,31.48670022,85.0,2025-01-04 00:00:00,1900-01-01 01:25:00,True,False,False,0,night,5,1,weekend,moderate,1,Route-4,48,0.35036496350364965,True,False,False,False,False,False,True,False,False,False,True,False,False,False,True,False,True,85,85.0,85.0,85.0
Route-2,2025-01-04 1:00 AM,1:26 AM,Unknown,250,24.80564477,31.03782256,26.0,2025-01-04 01:00:00,1900-01-01 01:26:00,True,False,False,1,night,5,1,weekend,light,0,Route-2,46,0.3357664233576642,False,False,False,True,False,True,False,False,True,False,False,False,False,False,True,False,True,250,250.0,26.0,26.0
Route-4,2025-01-04 2:00 AM,2:12 AM,Cloudy,1,24.74726797,32.67926705,12.0,2025-01-04 02:00:00,1900-01-01 02:12:00,True,False,False,2,night,5,1,weekend,moderate,1,Route-4,48,0.35036496350364965,True,False,False,False,False,False,True,False,False,False,True,False,False,False,True,False,True,1,4.970000000000001,12.0,12.0
Route-2,2025-01-04 3:00 AM,3:19 AM,Cloudy,112,25.24421954,32.58219887,19.0,2025-01-04 03:00:00,1900-01-01 03:19:00,True,False,False,3,night,5,1,weekend,moderate,1,Route-2,46,0.3357664233576642,True,False,False,False,False,False,True,False,True,False,False,False,False,False,True,False,True,112,112.0,19.0,19.0
Route-1,2025-01-04 4:00 AM,5:13 AM,Rainy,32,25.43530936,33.15806087,73.0,2025-01-04 04:00:00,1900-01-01 05:13:00,True,False,False,4,night,5,1,weekend,heavy,2,Route-1,69,0.5036496350364964,False,True,False,False,True,False,False,True,False,False,False,False,False,False,True,False,True,32,32.0,73.0,73.0
Route-3,2025-01-04 5:00 AM,7:56 AM,Sunny,112,24.96943582,33.67077416,176.0,2025-01-04 05:00:00,1900-01-01 07:56:00,True,False,False,5,night,5,1,weekend,light,0,Route-3,137,1.0,False,False,True,False,False,True,False,False,False,True,False,False,False,False,True,False,True,112,112.0,176.0,172.02999999999997
Route-3,2025-01-04 6:00 AM,8:09 AM,Cloudy,250,23.38428724,31.23821975,129.0,2025-01-04 06:00:00,1900-01-01 08:09:00,True,False,False,6,morning,5,1,weekend,moderate,1,Route-3,137,1.0,True,False,False,False,False,False,True,False,False,True,False,False,False,True,False,False,True,250,250.0,129.0,129.0
Route-3,2025-01-04 7:00 AM,8:05 AM,Rainy,250,24.01480252,33.19448947,65.0,2025-01-04 07:00:00,1900-01-01 08:05:00,True,False,False,7,morning,5,1,weekend,heavy,2,Route-3,137,1.0,False,True,False,False,True,False,False,False,False,True,False,False,False,True,False,False,True,250,250.0,65.0,65.0
Route-4,2025-01-04 8:00 AM,9:57 AM,Cloudy,250,25.78425092,31.56223583,117.0,2025-01-04 08:00:00,1900-01-01 09:57:00,True,False,False,8,morning,5,1,weekend,moderate,1,Route-4,48,0.35036496350364965,True,False,False,False,False,False,True,False,False,False,True,False,False,True,False,False,True,250,250.0,117.0,117.0
Route-1,2025-01-04 9:00 AM,11:13 AM,Sunny,112,23.67384684,33.57453116,133.0,2025-01-04 09:00:00,1900-01-01 11:13:00,True,False,False,9,morning,5,1,weekend,light,0,Route-1,69,0.5036496350364964,False,False,True,False,False,True,False,True,False,False,False,False,False,True,False,False,True,112,112.0,133.0,133.0
Route-4,2025-01-04 10:00 AM,,Rainy,5,24.11650107,33.45719054,84.5,2025-01-04 10:00:00,,False,False,True,10,morning,5,1,weekend,heavy,2,Route-4,48,0.35036496350364965,False,True,False,False,True,False,False,False,False,False,True,False,False,True,False,False,True,5,5.0,84.5,84.5
Route-4,2025-01-04 11:00 AM,1:49 PM,Rainy,112,24.29623065,32.62238126,169.0,2025-01-04 11:00:00,1900-01-01 13:49:00,True,False,False,11,morning,5,1,weekend,heavy,2,Route-4,48,0.35036496350364965,False,True,False,False,True,False,False,False,False,False,True,False,False,True,False,False,True,112,112.0,169.0,169.0
Route-1,2025-01-04 12:00 PM,12:42 PM,Unknown,250,24.31821497,33.1307284,42.0,2025-01-04 12:00:00,1900-01-01 12:42:00,True,False,False,12,afternoon,5,1,weekend,light,0,Route-1,69,0.5036496350364964,False,False,False,True,False,True,False,True,False,False,False,True,False,False,False,False,True,250,250.0,42.0,42.0
Route-1,2025-01-04 1:00 PM,1:28 PM,Cloudy,250,24.83881875,31.94305034,28.0,2025-01-04 13:00:00,1900-01-01 13:28:00,True,False,False,13,afternoon,5,1,weekend,moderate,1,Route-1,69,0.5036496350364964,True,False,False,False,False,False,True,True,False,False,False,True,False,False,False,False,True,250,250.0,28.0,28.0
Route-1,2025-01-04 2:00 PM,4:55 PM,Sunny,112,25.82922751,32.4135037,175.0,2025-01-04 14:00:00,1900-01-01 16:55:00,True,False,False,14,afternoon,5,1,weekend,light,0,Route-1,69,0.5036496350364964,False,False,True,False,False,True,False,True,False,False,False,True,False,False,False,False,True,112,112.0,175.0,172.02999999999997
Route-1,2025-01-04 3:00 PM,4:51 PM,Sunny,250,23.72207814,33.46491069,111.0,2025-01-04 15:00:00,1900-01-01 16:51:00,True,False,False,15,afternoon,5,1,weekend,light,0,Route-1,69,0.5036496350364964,False,False,True,False,False,True,False,True,False,False,False,True,False,False,False,False,True,250,250.0,111.0,111.0
Route-3,2025-01-04 4:00 PM,05.04PM,Rainy,112,23.36450413,32.37779559,84.5,2025-01-04 16:00:00,,False,False,True,16,afternoon,5,1,weekend,heavy,2,Route-3,137,1.0,False,True,False,False,True,False,False,False,False,True,False,True,False,False,False,False,True,112,112.0,84.5,84.5
Route-3,2025-01-04 5:00 PM,04.58PM,Unknown,250,23.59241147,32.0733948,84.5,2025-01-04 17:00:00,,False,False,True,17,evening,5,1,weekend,light,0,Route-3,137,1.0,False,False,False,True,False,True,False,False,False,True,False,False,True,False,False,False,True,250,250.0,84.5,84.5
Route-3,2025-01-04 6:00 PM,8:14 PM,Cloudy,250,25.6607747,32.48263734,134.0,2025-01-04 18:00:00,1900-01-01 20:14:00,True,False,False,18,evening,5,1,weekend,moderate,1,Route-3,137,1.0,True,False,False,False,False,False,True,False,False,True,False,False,True,False,False,False,True,250,250.0,134.0,134.0
Route-1,2025-01-04 7:00 PM,9:43 PM,Cloudy,11,24.93743244,33.48474776,163.0,2025-01-04 19:00:00,1900-01-01 21:43:00,True,False,False,19,evening,5,1,weekend,moderate,1,Route-1,69,0.5036496350364964,True,False,False,False,False,False,True,True,False,False,False,False,True,False,False,False,True,11,11.0,163.0,163.0
Route-3,2025-01-04 8:00 PM,10.06PM,Rainy,250,23.85772037,32.00562414,84.5,2025-01-04 20:00:00,,False,False,True,20,evening,5,1,weekend,heavy,2,Route-3,137,1.0,False,True,False,False,True,False,False,False,False,True,False,False,True,False,False,False,True,250,250.0,84.5,84.5
Route-3,2025-01-04 9:00 PM,8:54 PM,Cloudy,109,25.44784082,31.52128478,-6.0,2025-01-04 21:00:00,1900-01-01 20:54:00,True,False,False,21,evening,5,1,weekend,moderate,1,Route-3,137,1.0,True,False,False,False,False,False,True,False,False,True,False,False,True,False,False,False,True,109,109.0,-6.0,-6.0
Route-1,2025-01-04 10:00 PM,,Rainy,118,25.58410999,33.13604206,84.5,2025-01-04 22:00:00,,False,False,True,22,night,5,1,weekend,heavy,2,Route-1,69,0.5036496350364964,False,True,False,False,True,False,False,True,False,False,False,False,False,False,True,False,True,118,118.0,84.5,84.5
Route-3,2025-01-04 11:00 PM,12:38 AM,Unknown,250,25.53954302,33.47793464,98.0,2025-01-04 23:00:00,1900-01-01 00:38:00,True,False,False,23,night,5,1,weekend,light,0,Route-3,137,1.0,False,False,False,True,False,True,False,False,False,True,False,False,False,False,True,False,True,250,250.0,98.0,98.0
Route-4,2025-01-05 12:00 AM,2:14 AM,Cloudy,112,25.7567796,31.30191244,134.0,2025-01-05 00:00:00,1900-01-01 02:14:00,True,False,False,0,night,6,1,weekend,moderate,1,Route-4,48,0.35036496350364965,True,False,False,False,False,False,True,False,False,False,True,False,False,False,True,False,True,112,112.0,134.0,134.0
Route-2,2025-01-05 1:00 AM,01.34AM,Cloudy,36,23.75672306,31.71962234,84.5,2025-01-05 01:00:00,,False,False,True,1,night,6,1,weekend,moderate,1,Route-2,46,0.3357664233576642,True,False,False,False,False,False,True,False,True,False,False,False,False,False,True,False,True,36,36.0,84.5,84.5
Route-2,2025-01-05 2:00 AM,2:08 AM,Sunny,250,25.26512579,31.42591597,8.0,2025-01-05 02:00:00,1900-01-01 02:08:00,True,False,False,2,night,6,1,weekend,light,0,Route-2,46,0.3357664233576642,False,False,True,False,False,True,False,False,True,False,False,False,False,False,True,False,True,250,250.0,8.0,8.0
Route-1,2025-01-05 3:00 AM,5:36 AM,Unknown,60,24.38161849,32.04382423,156.0,2025-01-05 03:00:00,1900-01-01 05:36:00,True,False,False,3,night,6,1,weekend,light,0,Route-1,69,0.5036496350364964,False,False,False,True,False,True,False,True,False,False,False,False,False,False,True,False,True,60,60.0,156.0,156.0
Route-3,2025-01-05 4:00 AM,4:08 AM,Rainy,78,24.54423646,32.55524832,8.0,2025-01-05 04:00:00,1900-01-01 04:08:00,True,False,False,4,night,6,1,weekend,heavy,2,Route-3,137,1.0,False,True,False,False,True,False,False,False,False,True,False,False,False,False,True,False,True,78,78.0,8.0,8.0
Route-1,2025-01-05 5:00 AM,7:42 AM,Cloudy,250,25.18547203,33.24647901,162.0,2025-01-05 05:00:00,1900-01-01 07:42:00,True,False,False,5,night,6,1,weekend,moderate,1,Route-1,69,0.5036496350364964,True,False,False,False,False,False,True,True,False,False,False,False,False,False,True,False,True,250,250.0,162.0,162.0
Route-3,2025-01-05 6:00 AM,07.55AM,Sunny,57,25.32934234,32.95344275,84.5,2025-01-05 06:00:00,,False,False,True,6,morning,6,1,weekend,light,0,Route-3,137,1.0,False,False,True,False,False,True,False,False,False,True,False,False,False,True,False,False,True,57,57.0,84.5,84.5
Route-2,2025-01-05 7:00 AM,7:50 AM,Rainy,250,24.96848551,32.8627857,50.0,2025-01-05 07:00:00,1900-01-01 07:50:00,True,False,False,7,morning,6,1,weekend,heavy,2,Route-2,46,0.3357664233576642,False,True,False,False,True,False,False,False,True,False,False,False,False,True,False,False,True,250,250.0,50.0,50.0
Route-1,2025-01-05 8:00 AM,7:50 AM,Sunny,250,23.53228631,32.05712484,-10.0,2025-01-05 08:00:00,1900-01-01 07:50:00,True,False,False,8,morning,6,1,weekend,light,0,Route-1,69,0.5036496350364964,False,False,True,False,False,True,False,True,False,False,False,False,False,True,False,False,True,250,250.0,-10.0,-8.0
Route-4,2025-01-05 9:00 AM,11:59 AM,Cloudy,95,24.63508076,33.52434266,179.0,2025-01-05 09:00:00,1900-01-01 11:59:00,True,False,False,9,morning,6,1,weekend,moderate,1,Route-4,48,0.35036496350364965,True,False,False,False,False,False,True,False,False,False,True,False,False,True,False,False,True,95,95.0,179.0,172.02999999999997
Route-3,2025-01-05 10:00 AM,11:42 AM,Sunny,250,25.95400922,32.4138615,102.0,2025-01-05 10:00:00,1900-01-01 11:42:00,True,False,False,10,morning,6,1,weekend,light,0,Route-3,137,1.0,False,False,True,False,False,True,False,False,False,True,False,False,False,True,False,False,True,250,250.0,102.0,102.0
Route-3,2025-01-05 11:00 AM,1:35 PM,Sunny,112,25.8121642,33.93731481,155.0,2025-01-05 11:00:00,1900-01-01 13:35:00,True,False,False,11,morning,6,1,weekend,light,0,Route-3,137,1.0,False,False,True,False,False,True,False,False,False,True,False,False,False,True,False,False,True,112,112.0,155.0,155.0
Route-3,2025-01-05 12:00 PM,12:33 PM,Rainy,112,23.12952121,32.90242641,33.0,2025-01-05 12:00:00,1900-01-01 12:33:00,True,False,False,12,afternoon,6,1,weekend,heavy,2,Route-3,137,1.0,False,True,False,False,True,False,False,False,False,True,False,True,False,False,False,False,True,112,112.0,33.0,33.0
Route-3,2025-01-05 1:00 PM,1:50 PM,Rainy,250,23.49444445,31.37879422,50.0,2025-01-05 13:00:00,1900-01-01 13:50:00,True,False,False,13,afternoon,6,1,weekend,heavy,2,Route-3,137,1.0,False,True,False,False,True,False,False,False,False,True,False,True,False,False,False,False,True,250,250.0,50.0,50.0
Route-1,2025-01-05 2:00 PM,3:47 PM,Sunny,112,23.39518632,33.02853269,107.0,2025-01-05 14:00:00,1900-01-01 15:47:00,True,False,False,14,afternoon,6,1,weekend,light,0,Route-1,69,0.5036496350364964,False,False,True,False,False,True,False,True,False,False,False,True,False,False,False,False,True,112,112.0,107.0,107.0
Route-3,2025-01-05 3:00 PM,5:33 PM,Rainy,39,25.17793973,31.97531205,153.0,2025-01-05 15:00:00,1900-01-01 17:33:00,True,False,False,15,afternoon,6,1,weekend,heavy,2,Route-3,137,1.0,False,True,False,False,True,False,False,False,False,True,False,True,False,False,False,False,True,39,39.0,153.0,153.0
Route-4,2025-01-05 4:00 PM,06.54PM,Cloudy,250,25.45335599,33.05898159,84.5,2025-01-05 16:00:00,,False,False,True,16,afternoon,6,1,weekend,moderate,1,Route-4,48,0.35036496350364965,True,False,False,False,False,False,True,False,False,False,True,True,False,False,False,False,True,250,250.0,84.5,84.5
Route-3,2025-01-05 5:00 PM,05.38PM,Rainy,250,23.6405341,31.20892344,84.5,2025-01-05 17:00:00,,False,False,True,17,evening,6,1,weekend,heavy,2,Route-3,137,1.0,False,True,False,False,True,False,False,False,False,True,False,False,True,False,False,False,True,250,250.0,84.5,84.5
Route-1,2025-01-05 6:00 PM,5:50 PM,Sunny,250,24.51755808,31.52464431,-10.0,2025-01-05 18:00:00,1900-01-01 17:50:00,True,False,False,18,evening,6,1,weekend,light,0,Route-1,69,0.5036496350364964,False,False,True,False,False,True,False,True,False,False,False,False,True,False,False,False,True,250,250.0,-10.0,-8.0
Route-4,2025-01-05 7:00 PM,6:52 PM,Cloudy,118,25.52210908,33.56721178,-8.0,2025-01-05 19:00:00,1900-01-01 18:52:00,True,False,False,19,evening,6,1,weekend,moderate,1,Route-4,48,0.35036496350364965,True,False,False,False,False,False,True,False,False,False,True,False,True,False,False,False,True,118,118.0,-8.0,-8.0
Route-2,2025-01-05 8:00 PM,,Cloudy,108,25.19840463,31.68153867,84.5,2025-01-05 20:00:00,,False,False,True,20,evening,6,1,weekend,moderate,1,Route-2,46,0.3357664233576642,True,False,False,False,False,False,True,False,True,False,False,False,True,False,False,False,True,108,108.0,84.5,84.5
Route-3,2025-01-05 9:00 PM,09.05PM,Sunny,59,24.62671162,33.51112338,84.5,2025-01-05 21:00:00,,False,False,True,21,evening,6,1,weekend,light,0,Route-3,137,1.0,False,False,True,False,False,True,False,False,False,True,False,False,True,False,False,False,True,59,59.0,84.5,84.5
Route-1,2025-01-05 10:00 PM,12:25 AM,Cloudy,112,24.77104307,31.83782827,145.0,2025-01-05 22:00:00,1900-01-01 00:25:00,True,False,False,22,night,6,1,weekend,moderate,1,Route-1,69,0.5036496350364964,True,False,False,False,False,False,True,True,False,False,False,False,False,False,True,False,True,112,112.0,145.0,145.0
Route-2,2025-01-05 11:00 PM,12.21AM,Sunny,112,24.52508164,32.92864573,84.5,2025-01-05 23:00:00,,False,False,True,23,night,6,1,weekend,light,0,Route-2,46,0.3357664233576642,False,False,True,False,False,True,False,False,True,False,False,False,False,False,True,False,True,112,112.0,84.5,84.5
Route-2,2025-01-06 12:00 AM,12.49AM,Cloudy,88,23.89264535,33.08245172,84.5,2025-01-06 00:00:00,,False,False,True,0,night,0,0,weekday,moderate,1,Route-2,46,0.3357664233576642,True,False,False,False,False,False,True,False,True,False,False,False,False,False,True,True,False,88,88.0,84.5,84.5
Route-3,2025-01-06 1:00 AM,2:30 AM,Cloudy,34,24.69506598,32.53796426,90.0,2025-01-06 01:00:00,1900-01-01 02:30:00,True,False,False,1,night,0,0,weekday,moderate,1,Route-3,137,1.0,True,False,False,False,False,False,True,False,False,True,False,False,False,False,True,True,False,34,34.0,90.0,90.0
Route-4,2025-01-06 2:00 AM,04.24AM,Cloudy,112,25.06665591,31.91593203,84.5,2025-01-06 02:00:00,,False,False,True,2,night,0,0,weekday,moderate,1,Route-4,48,0.35036496350364965,True,False,False,False,False,False,True,False,False,False,True,False,False,False,True,True,False,112,112.0,84.5,84.5
Route-3,2025-01-06 3:00 AM,,Cloudy,75,25.61996875,31.63793313,84.5,2025-01-06 03:00:00,,False,False,True,3,night,0,0,weekday,moderate,1,Route-3,137,1.0,True,False,False,False,False,False,True,False,False,True,False,False,False,False,True,True,False,75,75.0,84.5,84.5
Route-1,2025-01-06 4:00 AM,6:26 AM,Rainy,112,24.90887406,31.09956806,146.0,2025-01-06 04:00:00,1900-01-01 06:26:00,True,False,False,4,night,0,0,weekday,heavy,2,Route-1,69,0.5036496350364964,False,True,False,False,True,False,False,True,False,False,False,False,False,False,True,True,False,112,112.0,146.0,146.0
Route-3,2025-01-06 5:00 AM,07.03AM,Cloudy,250,25.28336461,31.9118392,84.5,2025-01-06 05:00:00,,False,False,True,5,night,0,0,weekday,moderate,1,Route-3,137,1.0,True,False,False,False,False,False,True,False,False,True,False,False,False,False,True,True,False,250,250.0,84.5,84.5
Route-4,2025-01-06 6:00 AM,6:36 AM,Sunny,250,23.4802149,32.95948837,36.0,2025-01-06 06:00:00,1900-01-01 06:36:00,True,False,False,6,morning,0,0,weekday,light,0,Route-4,48,0.35036496350364965,False,False,True,False,False,True,False,False,False,False,True,False,False,True,False,True,False,250,250.0,36.0,36.0
Route-3,2025-01-06 7:00 AM,07.45AM,Rainy,104,24.38467242,33.81491446,84.5,2025-01-06 07:00:00,,False,False,True,7,morning,0,0,weekday,heavy,2,Route-3,137,1.0,False,True,False,False,True,False,False,False,False,True,False,False,False,True,False,True,False,104,104.0,84.5,84.5
Route-4,2025-01-06 8:00 AM,9:38 AM,Rainy,112,23.02799486,33.61361345,98.0,2025-01-06 08:00:00,1900-01-01 09:38:00,True,False,False,8,morning,0,0,weekday,heavy,2,Route-4,48,0.35036496350364965,False,True,False,False,True,False,False,False,False,False,True,False,False,True,False,True,False,112,112.0,98.0,98.0
Route-4,2025-01-06 9:00 AM,,Sunny,250,23.74003659,33.29819433,84.5,2025-01-06 09:00:00,,False,False,True,9,morning,0,0,weekday,light,0,Route-4,48,0.35036496350364965,False,False,True,False,False,True,False,False,False,False,True,False,False,True,False,True,False,250,250.0,84.5,84.5
Route-3,2025-01-06 10:00 AM,10.54AM,Sunny,106,25.17938515,33.36534203,84.5,2025-01-06 10:00:00,,False,False,True,10,morning,0,0,weekday,light,0,Route-3,137,1.0,False,False,True,False,False,True,False,False,False,True,False,False,False,True,False,True,False,106,106.0,84.5,84.5
Route-4,2025-01-06 11:00 AM,1:46 PM,Rainy,75,25.97542985,32.99495471,166.0,2025-01-06 11:00:00,1900-01-01 13:46:00,True,False,False,11,morning,0,0,weekday,heavy,2,Route-4,48,0.35036496350364965,False,True,False,False,True,False,False,False,False,False,True,False,False,True,False,True,False,75,75.0,166.0,166.0
Route-3,2025-01-06 12:00 PM,12:52 PM,Sunny,112,23.2975343,31.78086057,52.0,2025-01-06 12:00:00,1900-01-01 12:52:00,True,False,False,12,afternoon,0,0,weekday,light,0,Route-3,137,1.0,False,False,True,False,False,True,False,False,False,True,False,True,False,False,False,True,False,112,112.0,52.0,52.0
Route-4,2025-01-06 1:00 PM,1:16 PM,Sunny,112,24.20448295,33.72158509,16.0,2025-01-06 13:00:00,1900-01-01 13:16:00,True,False,False,13,afternoon,0,0,weekday,light,0,Route-4,48,0.35036496350364965,False,False,True,False,False,True,False,False,False,False,True,True,False,False,False,True,False,112,112.0,16.0,16.0
Route-3,2025-01-06 2:00 PM,3:27 PM,Unknown,250,25.40021291,33.01219694,87.0,2025-01-06 14:00:00,1900-01-01 15:27:00,True,False,False,14,afternoon,0,0,weekday,light,0,Route-3,137,1.0,False,False,False,True,False,True,False,False,False,True,False,True,False,False,False,True,False,250,250.0,87.0,87.0
Route-3,2025-01-06 3:00 PM,4:58 PM,Sunny,112,23.6121069,32.68132189,118.0,2025-01-06 15:00:00,1900-01-01 16:58:00,True,False,False,15,afternoon,0,0,weekday,light,0,Route-3,137,1.0,False,False,True,False,False,True,False,False,False,True,False,True,False,False,False,True,False,112,112.0,118.0,118.0
Route-3,2025-01-06 4:00 PM,,Rainy,250,24.66525485,31.33296841,84.5,2025-01-06 16:00:00,,False,False,True,16,afternoon,0,0,weekday,heavy,2,Route-3,137,1.0,False,True,False,False,True,False,False,False,False,True,False,True,False,False,False,True,False,250,250.0,84.5,84.5
Route-2,2025-01-06 5:00 PM,6:24 PM,Unknown,112,25.19921389,32.34116663,84.0,2025-01-06 17:00:00,1900-01-01 18:24:00,True,False,False,17,evening,0,0,weekday,light,0,Route-2,46,0.3357664233576642,False,False,False,True,False,True,False,False,True,False,False,False,True,False,False,True,False,112,112.0,84.0,84.0
Route-2,2025-01-06 6:00 PM,8:50 PM,Unknown,69,24.84795635,32.38107481,170.0,2025-01-06 18:00:00,1900-01-01 20:50:00,True,False,False,18,evening,0,0,weekday,light,0,Route-2,46,0.3357664233576642,False,False,False,True,False,True,False,False,True,False,False,False,True,False,False,True,False,69,69.0,170.0,170.0
Route-4,2025-01-06 7:00 PM,09.34PM,Cloudy,68,23.5640742,33.59369083,84.5,2025-01-06 19:00:00,,False,False,True,19,evening,0,0,weekday,moderate,1,Route-4,48,0.35036496350364965,True,False,False,False,False,False,True,False,False,False,True,False,True,False,False,True,False,68,68.0,84.5,84.5
Route-1,2025-01-06 8:00 PM,10:14 PM,Sunny,250,24.06615371,32.63994466,134.0,2025-01-06 20:00:00,1900-01-01 22:14:00,True,False,False,20,evening,0,0,weekday,light,0,Route-1,69,0.5036496350364964,False,False,True,False,False,True,False,True,False,False,False,False,True,False,False,True,False,250,250.0,134.0,134.0
Route-4,2025-01-06 9:00 PM,10:39 PM,Sunny,112,25.35137535,32.14120165,99.0,2025-01-06 21:00:00,1900-01-01 22:39:00,True,False,False,21,evening,0,0,weekday,light,0,Route-4,48,0.35036496350364965,False,False,True,False,False,True,False,False,False,False,True,False,True,False,False,True,False,112,112.0,99.0,99.0
Route-3,2025-01-06 10:00 PM,09.53PM,Unknown,112,24.66267954,33.93040099,84.5,2025-01-06 22:00:00,,False,False,True,22,night,0,0,weekday,light,0,Route-3,137,1.0,False,False,False,True,False,True,False,False,False,True,False,False,False,False,True,True,False,112,112.0,84.5,84.5
Route-3,2025-01-06 11:00 PM,11.21PM,Cloudy,49,23.01568884,31.33216178,84.5,2025-01-06 23:00:00,,False,False,True,23,night,0,0,weekday,moderate,1,Route-3,137,1.0,True,False,False,False,False,False,True,False,False,True,False,False,False,False,True,True,False,49,49.0,84.5,84.5
Route-3,2025-01-07 12:00 AM,1:01 AM,Unknown,112,25.28297228,32.26764528,61.0,2025-01-07 00:00:00,1900-01-01 01:01:00,True,False,False,0,night,1,0,weekday,light,0,Route-3,137,1.0,False,False,False,True,False,True,False,False,False,True,False,False,False,False,True,True,False,112,112.0,61.0,61.0
Route-3,2025-01-07 1:00 AM,03.31AM,Cloudy,250,23.10593406,31.12607403,84.5,2025-01-07 01:00:00,,False,False,True,1,night,1,0,weekday,moderate,1,Route-3,137,1.0,True,False,False,False,False,False,True,False,False,True,False,False,False,False,True,True,False,250,250.0,84.5,84.5
Route-3,2025-01-07 2:00 AM,03.52AM,Sunny,250,25.23720135,33.21971236,84.5,2025-01-07 02:00:00,,False,False,True,2,night,1,0,weekday,light,0,Route-3,137,1.0,False,False,True,False,False,True,False,False,False,True,False,False,False,False,True,True,False,250,250.0,84.5,84.5
Route-3,2025-01-07 3:00 AM,3:43 AM,Sunny,250,23.60744168,33.75422966,43.0,2025-01-07 03:00:00,1900-01-01 03:43:00,True,False,False,3,night,1,0,weekday,light,0,Route-3,137,1.0,False,False,True,False,False,True,False,False,False,True,False,False,False,False,True,True,False,250,250.0,43.0,43.0
Route-2,2025-01-07 4:00 AM,,Sunny,118,25.87422044,31.84011199,84.5,2025-01-07 04:00:00,,False,False,True,4,night,1,0,weekday,light,0,Route-2,46,0.3357664233576642,False,False,True,False,False,True,False,False,True,False,False,False,False,False,True,True,False,118,118.0,84.5,84.5
Route-3,2025-01-07 5:00 AM,7:14 AM,Rainy,112,24.10382225,33.57502503,134.0,2025-01-07 05:00:00,1900-01-01 07:14:00,True,False,False,5,night,1,0,weekday,heavy,2,Route-3,137,1.0,False,True,False,False,True,False,False,False,False,True,False,False,False,False,True,True,False,112,112.0,134.0,134.0
Route-1,2025-01-07 6:00 AM,,Sunny,33,24.54423646,32.55524832,84.5,2025-01-07 06:00:00,,False,False,True,6,morning,1,0,weekday,light,0,Route-1,69,0.5036496350364964,False,False,True,False,False,True,False,True,False,False,False,False,False,True,False,True,False,33,33.0,84.5,84.5
Route-1,2025-01-07 7:00 AM,08.14AM,Cloudy,112,23.44666415,33.73231048,84.5,2025-01-07 07:00:00,,False,False,True,7,morning,1,0,weekday,moderate,1,Route-1,69,0.5036496350364964,True,False,False,False,False,False,True,True,False,False,False,False,False,True,False,True,False,112,112.0,84.5,84.5
Route-1,2025-01-07 8:00 AM,10:48 AM,Sunny,250,23.91681265,33.26188571,168.0,2025-01-07 08:00:00,1900-01-01 10:48:00,True,False,False,8,morning,1,0,weekday,light,0,Route-1,69,0.5036496350364964,False,False,True,False,False,True,False,True,False,False,False,False,False,True,False,True,False,250,250.0,168.0,168.0
Route-1,2025-01-07 9:00 AM,09.27AM,Sunny,112,25.62995229,33.41472033,84.5,2025-01-07 09:00:00,,False,False,True,9,morning,1,0,weekday,light,0,Route-1,69,0.5036496350364964,False,False,True,False,False,True,False,True,False,False,False,False,False,True,False,True,False,112,112.0,84.5,84.5
Route-3,2025-01-07 10:00 AM,10:19 AM,Rainy,112,25.98900301,31.05401967,19.0,2025-01-07 10:00:00,1900-01-01 10:19:00,True,False,False,10,morning,1,0,weekday,heavy,2,Route-3,137,1.0,False,True,False,False,True,False,False,False,False,True,False,False,False,True,False,True,False,112,112.0,19.0,19.0
Route-1,2025-01-07 11:00 AM,11:41 AM,Sunny,45,24.10492859,33.88843107,41.0,2025-01-07 11:00:00,1900-01-01 11:41:00,True,False,False,11,morning,1,0,weekday,light,0,Route-1,69,0.5036496350364964,False,False,True,False,False,True,False,True,False,False,False,False,False,True,False,True,False,45,45.0,41.0,41.0
Route-3,2025-01-07 12:00 PM,01.08PM,Sunny,250,24.34583189,33.18001298,84.5,2025-01-07 12:00:00,,False,False,True,12,afternoon,1,0,weekday,light,0,Route-3,137,1.0,False,False,True,False,False,True,False,False,False,True,False,True,False,False,False,True,False,250,250.0,84.5,84.5
Route-4,2025-01-07 1:00 PM,1:40 PM,Unknown,68,25.16621281,31.91425329,40.0,2025-01-07 13:00:00,1900-01-01 13:40:00,True,False,False,13,afternoon,1,0,weekday,light,0,Route-4,48,0.35036496350364965,False,False,False,True,False,True,False,False,False,False,True,True,False,False,False,True,False,68,68.0,40.0,40.0
Route-1,2025-01-07 2:00 PM,04.01PM,Cloudy,250,25.65858734,33.48818399,84.5,2025-01-07 14:00:00,,False,False,True,14,afternoon,1,0,weekday,moderate,1,Route-1,69,0.5036496350364964,True,False,False,False,False,False,True,True,False,False,False,True,False,False,False,True,False,250,250.0,84.5,84.5
Route-3,2025-01-07 3:00 PM,4:03 PM,Sunny,112,24.779133,31.8445636,63.0,2025-01-07 15:00:00,1900-01-01 16:03:00,True,False,False,15,afternoon,1,0,weekday,light,0,Route-3,137,1.0,False,False,True,False,False,True,False,False,False,True,False,True,False,False,False,True,False,112,112.0,63.0,63.0
Route-3,2025-01-07 4:00 PM,04.58PM,Cloudy,40,24.17457709,33.61826152,84.5,2025-01-07 16:00:00,,False,False,True,16,afternoon,1,0,weekday,moderate,1,Route-3,137,1.0,True,False,False,False,False,False,True,False,False,True,False,True,False,False,False,True,False,40,40.0,84.5,84.5
Route-1,2025-01-07 5:00 PM,6:55 PM,Sunny,72,24.23786552,31.33774117,115.0,2025-01-07 17:00:00,1900-01-01 18:55:00,True,False,False,17,evening,1,0,weekday,light,0,Route-1,69,0.5036496350364964,False,False,True,False,False,True,False,True,False,False,False,False,True,False,False,True,False,72,72.0,115.0,115.0
Route-4,2025-01-07 6:00 PM,7:44 PM,Cloudy,112,25.08685444,33.11105793,104.0,2025-01-07 18:00:00,1900-01-01 19:44:00,True,False,False,18,evening,1,0,weekday,moderate,1,Route-4,48,0.35036496350364965,True,False,False,False,False,False,True,False,False,False,True,False,True,False,False,True,False,112,112.0,104.0,104.0
Route-1,2025-01-07 7:00 PM,9:52 PM,Rainy,250,23.00965479,32.62209543,172.0,2025-01-07 19:00:00,1900-01-01 21:52:00,True,False,False,19,evening,1,0,weekday,heavy,2,Route-1,69,0.5036496350364964,False,True,False,False,True,False,False,True,False,False,False,False,True,False,False,True,False,250,250.0,172.0,172.0
Route-3,2025-01-07 8:00 PM,10:13 PM,Sunny,250,24.85876801,31.28960341,133.0,2025-01-07 20:00:00,1900-01-01 22:13:00,True,False,False,20,evening,1,0,weekday,light,0,Route-3,137,1.0,False,False,True,False,False,True,False,False,False,True,False,False,True,False,False,True,False,250,250.0,133.0,133.0
Route-2,2025-01-07 9:00 PM,11:24 PM,Cloudy,12,24.06647903,31.72568148,144.0,2025-01-07 21:00:00,1900-01-01 23:24:00,True,False,False,21,evening,1,0,weekday,moderate,1,Route-2,46,0.3357664233576642,True,False,False,False,False,False,True,False,True,False,False,False,True,False,False,True,False,12,12.0,144.0,144.0
Route-3,2025-01-07 10:00 PM,10.50PM,Rainy,112,25.38259199,31.03721211,84.5,2025-01-07 22:00:00,,False,False,True,22,night,1,0,weekday,heavy,2,Route-3,137,1.0,False,True,False,False,True,False,False,False,False,True,False,False,False,False,True,True,False,112,112.0,84.5,84.5
Route-3,2025-01-07 11:00 PM,11:10 PM,Cloudy,112,23.27897192,32.4063039,10.0,2025-01-07 23:00:00,1900-01-01 23:10:00,True,False,False,23,night,1,0,weekday,moderate,1,Route-3,137,1.0,True,False,False,False,False,False,True,False,False,True,False,False,False,False,True,True,False,112,112.0,10.0,10.0
Route-1,2025-01-08 12:00 AM,2:39 AM,Cloudy,112,24.7646068,31.90379578,159.0,2025-01-08 00:00:00,1900-01-01 02:39:00,True,False,False,0,night,2,0,weekday,moderate,1,Route-1,69,0.5036496350364964,True,False,False,False,False,False,True,True,False,False,False,False,False,False,True,True,False,112,112.0,159.0,159.0
Route-3,2025-01-08 1:00 AM,,Cloudy,250,24.44291867,32.79507245,84.5,2025-01-08 01:00:00,,False,False,True,1,night,2,0,weekday,moderate,1,Route-3,137,1.0,True,False,False,False,False,False,True,False,False,True,False,False,False,False,True,True,False,250,250.0,84.5,84.5
Route-1,2025-01-08 2:00 AM,4:02 AM,Unknown,112,24.92697658,31.89171342,122.0,2025-01-08 02:00:00,1900-01-01 04:02:00,True,False,False,2,night,2,0,weekday,light,0,Route-1,69,0.5036496350364964,False,False,False,True,False,True,False,True,False,False,False,False,False,False,True,True,False,112,112.0,122.0,122.0
Route-1,2025-01-08 3:00 AM,03.35AM,Sunny,88,23.19456078,31.89975733,84.5,2025-01-08 03:00:00,,False,False,True,3,night,2,0,weekday,light,0,Route-1,69,0.5036496350364964,False,False,True,False,False,True,False,True,False,False,False,False,False,False,True,True,False,88,88.0,84.5,84.5
Route-2,2025-01-08 4:00 AM,4:34 AM,Unknown,112,24.73995136,33.2295796,34.0,2025-01-08 04:00:00,1900-01-01 04:34:00,True,False,False,4,night,2,0,weekday,light,0,Route-2,46,0.3357664233576642,False,False,False,True,False,True,False,False,True,False,False,False,False,False,True,True,False,112,112.0,34.0,34.0
Route-3,2025-01-08 5:00 AM,,Unknown,112,24.68445376,31.14442851,84.5,2025-01-08 05:00:00,,False,False,True,5,night,2,0,weekday,light,0,Route-3,137,1.0,False,False,False,True,False,True,False,False,False,True,False,False,False,False,True,True,False,112,112.0,84.5,84.5
Route-3,2025-01-08 6:00 AM,07.50AM,Cloudy,250,24.68198028,33.70868499,84.5,2025-01-08 06:00:00,,False,False,True,6,morning,2,0,weekday,moderate,1,Route-3,137,1.0,True,False,False,False,False,False,True,False,False,True,False,False,False,True,False,True,False,250,250.0,84.5,84.5
Route-2,2025-01-08 7:00 AM,,Sunny,45,24.810463,33.55679162,84.5,2025-01-08 07:00:00,,False,False,True,7,morning,2,0,weekday,light,0,Route-2,46,0.3357664233576642,False,False,True,False,False,True,False,False,True,False,False,False,False,True,False,True,False,45,45.0,84.5,84.5
Route-3,2025-01-08 8:00 AM,8:52 AM,Cloudy,250,25.02940381,33.00341405,52.0,2025-01-08 08:00:00,1900-01-01 08:52:00,True,False,False,8,morning,2,0,weekday,moderate,1,Route-3,137,1.0,True,False,False,False,False,False,True,False,False,True,False,False,False,True,False,True,False,250,250.0,52.0,52.0
Route-1,2025-01-08 9:00 AM,,Rainy,116,25.414967,32.77966471,84.5,2025-01-08 09:00:00,,False,False,True,9,morning,2,0,weekday,heavy,2,Route-1,69,0.5036496350364964,False,True,False,False,True,False,False,True,False,False,False,False,False,True,False,True,False,116,116.0,84.5,84.5
Route-4,2025-01-08 10:00 AM,9:57 AM,Cloudy,11,23.80946216,33.67690749,-3.0,2025-01-08 10:00:00,1900-01-01 09:57:00,True,False,False,10,morning,2,0,weekday,moderate,1,Route-4,48,0.35036496350364965,True,False,False,False,False,False,True,False,False,False,True,False,False,True,False,True,False,11,11.0,-3.0,-3.0
Route-1,2025-01-08 11:00 AM,1:49 PM,Cloudy,112,25.47514823,31.55599054,169.0,2025-01-08 11:00:00,1900-01-01 13:49:00,True,False,False,11,morning,2,0,weekday,moderate,1,Route-1,69,0.5036496350364964,True,False,False,False,False,False,True,True,False,False,False,False,False,True,False,True,False,112,112.0,169.0,169.0
Route-1,2025-01-08 12:00 PM,12.45PM,Rainy,112,24.49476705,31.23690749,84.5,2025-01-08 12:00:00,,False,False,True,12,afternoon,2,0,weekday,heavy,2,Route-1,69,0.5036496350364964,False,True,False,False,True,False,False,True,False,False,False,True,False,False,False,True,False,112,112.0,84.5,84.5
Route-3,2025-01-08 1:00 PM,1:17 PM,Cloudy,250,23.23117484,31.71853051,17.0,2025-01-08 13:00:00,1900-01-01 13:17:00,True,False,False,13,afternoon,2,0,weekday,moderate,1,Route-3,137,1.0,True,False,False,False,False,False,True,False,False,True,False,True,False,False,False,True,False,250,250.0,17.0,17.0
Route-1,2025-01-08 2:00 PM,3:59 PM,Unknown,42,23.17565279,33.38373484,119.0,2025-01-08 14:00:00,1900-01-01 15:59:00,True,False,False,14,afternoon,2,0,weekday,light,0,Route-1,69,0.5036496350364964,False,False,False,True,False,True,False,True,False,False,False,True,False,False,False,True,False,42,42.0,119.0,119.0
Route-2,2025-01-08 3:00 PM,,Sunny,112,24.00271496,31.1040108,84.5,2025-01-08 15:00:00,,False,False,True,15,afternoon,2,0,weekday,light,0,Route-2,46,0.3357664233576642,False,False,True,False,False,True,False,False,True,False,False,True,False,False,False,True,False,112,112.0,84.5,84.5
Route-2,2025-01-08 4:00 PM,5:44 PM,Cloudy,112,25.35469093,32.74842051,104.0,2025-01-08 16:00:00,1900-01-01 17:44:00,True,False,False,16,afternoon,2,0,weekday,moderate,1,Route-2,46,0.3357664233576642,True,False,False,False,False,False,True,False,True,False,False,True,False,False,False,True,False,112,112.0,104.0,104.0
Route-3,2025-01-08 5:00 PM,07.20PM,Sunny,112,25.1230428,33.98631255,84.5,2025-01-08 17:00:00,,False,False,True,17,evening,2,0,weekday,light,0,Route-3,137,1.0,False,False,True,False,False,True,False,False,False,True,False,False,True,False,False,True,False,112,112.0,84.5,84.5
Route-4,2025-01-08 6:00 PM,06.07PM,Cloudy,112,25.36584489,33.56708828,84.5,2025-01-08 18:00:00,,False,False,True,18,evening,2,0,weekday,moderate,1,Route-4,48,0.35036496350364965,True,False,False,False,False,False,True,False,False,False,True,False,True,False,False,True,False,112,112.0,84.5,84.5
Route-1,2025-01-08 7:00 PM,8:44 PM,Sunny,112,24.55180717,32.56433707,104.0,2025-01-08 19:00:00,1900-01-01 20:44:00,True,False,False,19,evening,2,0,weekday,light,0,Route-1,69,0.5036496350364964,False,False,True,False,False,True,False,True,False,False,False,False,True,False,False,True,False,112,112.0,104.0,104.0
Route-1,2025-01-08 8:00 PM,9:48 PM,Rainy,67,24.32059699,31.19092273,108.0,2025-01-08 20:00:00,1900-01-01 21:48:00,True,False,False,20,evening,2,0,weekday,heavy,2,Route-1,69,0.5036496350364964,False,True,False,False,True,False,False,True,False,False,False,False,True,False,False,True,False,67,67.0,108.0,108.0
Route-3,2025-01-08 9:00 PM,9:28 PM,Cloudy,26,23.44235758,33.49412054,28.0,2025-01-08 21:00:00,1900-01-01 21:28:00,True,False,False,21,evening,2,0,weekday,moderate,1,Route-3,137,1.0,True,False,False,False,False,False,True,False,False,True,False,False,True,False,False,True,False,26,26.0,28.0,28.0
Route-2,2025-01-08 10:00 PM,11.15PM,Sunny,250,23.98457826,32.79693552,84.5,2025-01-08 22:00:00,,False,False,True,22,night,2,0,weekday,light,0,Route-2,46,0.3357664233576642,False,False,True,False,False,True,False,False,True,False,False,False,False,False,True,True,False,250,250.0,84.5,84.5
Route-4,2025-01-08 11:00 PM,11:14 PM,Sunny,250,24.3020581,31.34479899,14.0,2025-01-08 23:00:00,1900-01-01 23:14:00,True,False,False,23,night,2,0,weekday,light,0,Route-4,48,0.35036496350364965,False,False,True,False,False,True,False,False,False,False,True,False,False,False,True,True,False,250,250.0,14.0,14.0
Route-3,2025-01-09 12:00 AM,12.14AM,Cloudy,250,23.26580129,31.28157185,84.5,2025-01-09 00:00:00,,False,False,True,0,night,3,0,weekday,moderate,1,Route-3,137,1.0,True,False,False,False,False,False,True,False,False,True,False,False,False,False,True,True,False,250,250.0,84.5,84.5
Route-2,2025-01-09 1:00 AM,02.38AM,Sunny,112,23.66183586,33.72888046,84.5,2025-01-09 01:00:00,,False,False,True,1,night,3,0,weekday,light,0,Route-2,46,0.3357664233576642,False,False,True,False,False,True,False,False,True,False,False,False,False,False,True,True,False,112,112.0,84.5,84.5
Route-3,2025-01-09 2:00 AM,,Cloudy,112,24.79467588,33.00760079,84.5,2025-01-09 02:00:00,,False,False,True,2,night,3,0,weekday,moderate,1,Route-3,137,1.0,True,False,False,False,False,False,True,False,False,True,False,False,False,False,True,True,False,112,112.0,84.5,84.5
Route-3,2025-01-09 3:00 AM,3:23 AM,Sunny,112,25.20698934,33.4878604,23.0,2025-01-09 03:00:00,1900-01-01 03:23:00,True,False,False,3,night,3,0,weekday,light,0,Route-3,137,1.0,False,False,True,False,False,True,False,False,False,True,False,False,False,False,True,True,False,112,112.0,23.0,23.0
Route-3,2025-01-09 4:00 AM,5:42 AM,Sunny,41,25.99504253,33.6369367,102.0,2025-01-09 04:00:00,1900-01-01 05:42:00,True,False,False,4,night,3,0,weekday,light,0,Route-3,137,1.0,False,False,True,False,False,True,False,False,False,True,False,False,False,False,True,True,False,41,41.0,102.0,102.0
Route-1,2025-01-09 5:00 AM,06.30AM,Sunny,250,25.79933999,32.71531706,84.5,2025-01-09 05:00:00,,False,False,True,5,night,3,0,weekday,light,0,Route-1,69,0.5036496350364964,False,False,True,False,False,True,False,True,False,False,False,False,False,False,True,True,False,250,250.0,84.5,84.5
Route-4,2025-01-09 6:00 AM,06.53AM,Rainy,0,24.9276956,32.55233906,84.5,2025-01-09 06:00:00,,False,False,True,6,morning,3,0,weekday,heavy,2,Route-4,48,0.35036496350364965,False,True,False,False,True,False,False,False,False,False,True,False,False,True,False,True,False,0,4.970000000000001,84.5,84.5
Route-3,2025-01-09 7:00 AM,7:48 AM,Cloudy,112,24.26374416,32.29128223,48.0,2025-01-09 07:00:00,1900-01-01 07:48:00,True,False,False,7,morning,3,0,weekday,moderate,1,Route-3,137,1.0,True,False,False,False,False,False,True,False,False,True,False,False,False,True,False,True,False,112,112.0,48.0,48.0
Route-2,2025-01-09 8:00 AM,9:50 AM,Cloudy,250,24.54423646,32.55524832,110.0,2025-01-09 08:00:00,1900-01-01 09:50:00,True,False,False,8,morning,3,0,weekday,moderate,1,Route-2,46,0.3357664233576642,True,False,False,False,False,False,True,False,True,False,False,False,False,True,False,True,False,250,250.0,110.0,110.0
Route-3,2025-01-09 9:00 AM,,Cloudy,25,25.35695485,32.30378788,84.5,2025-01-09 09:00:00,,False,False,True,9,morning,3,0,weekday,moderate,1,Route-3,137,1.0,True,False,False,False,False,False,True,False,False,True,False,False,False,True,False,True,False,25,25.0,84.5,84.5
Route-1,2025-01-09 10:00 AM,10:59 AM,Cloudy,250,23.35500857,33.32163897,59.0,2025-01-09 10:00:00,1900-01-01 10:59:00,True,False,False,10,morning,3,0,weekday,moderate,1,Route-1,69,0.5036496350364964,True,False,False,False,False,False,True,True,False,False,False,False,False,True,False,True,False,250,250.0,59.0,59.0
Route-1,2025-01-09 11:00 AM,12:23 PM,Cloudy,41,24.22971467,32.80577029,83.0,2025-01-09 11:00:00,1900-01-01 12:23:00,True,False,False,11,morning,3,0,weekday,moderate,1,Route-1,69,0.5036496350364964,True,False,False,False,False,False,True,True,False,False,False,False,False,True,False,True,False,41,41.0,83.0,83.0
Route-3,2025-01-09 12:00 PM,,Sunny,250,25.51940686,33.67756987,84.5,2025-01-09 12:00:00,,False,False,True,12,afternoon,3,0,weekday,light,0,Route-3,137,1.0,False,False,True,False,False,True,False,False,False,True,False,True,False,False,False,True,False,250,250.0,84.5,84.5
Route-3,2025-01-09 1:00 PM,3:21 PM,Rainy,112,24.15149886,32.33014004,141.0,2025-01-09 13:00:00,1900-01-01 15:21:00,True,False,False,13,afternoon,3,0,weekday,heavy,2,Route-3,137,1.0,False,True,False,False,True,False,False,False,False,True,False,True,False,False,False,True,False,112,112.0,141.0,141.0
Route-4,2025-01-09 2:00 PM,4:00 PM,Cloudy,112,24.71561681,32.82126874,120.0,2025-01-09 14:00:00,1900-01-01 16:00:00,True,False,False,14,afternoon,3,0,weekday,moderate,1,Route-4,48,0.35036496350364965,True,False,False,False,False,False,True,False,False,False,True,True,False,False,False,True,False,112,112.0,120.0,120.0
Route-3,2025-01-09 3:00 PM,,Unknown,112,24.76330808,32.89392266,84.5,2025-01-09 15:00:00,,False,False,True,15,afternoon,3,0,weekday,light,0,Route-3,137,1.0,False,False,False,True,False,True,False,False,False,True,False,True,False,False,False,True,False,112,112.0,84.5,84.5
Route-3,2025-01-09 4:00 PM,6:21 PM,Sunny,46,23.55342876,32.77509149,141.0,2025-01-09 16:00:00,1900-01-01 18:21:00,True,False,False,16,afternoon,3,0,weekday,light,0,Route-3,137,1.0,False,False,True,False,False,True,False,False,False,True,False,True,False,False,False,True,False,46,46.0,141.0,141.0
Route-3,2025-01-09 5:00 PM,6:04 PM,Sunny,97,24.08670632,33.10790132,64.0,2025-01-09 17:00:00,1900-01-01 18:04:00,True,False,False,17,evening,3,0,weekday,light,0,Route-3,137,1.0,False,False,True,False,False,True,False,False,False,True,False,False,True,False,False,True,False,97,97.0,64.0,64.0
Route-3,2025-01-09 6:00 PM,07.42PM,Sunny,250,24.00353387,31.71230041,84.5,2025-01-09 18:00:00,,False,False,True,18,evening,3,0,weekday,light,0,Route-3,137,1.0,False,False,True,False,False,True,False,False,False,True,False,False,True,False,False,True,False,250,250.0,84.5,84.5
Route-3,2025-01-09 7:00 PM,09.48PM,Cloudy,112,23.07859013,32.53709133,84.5,2025-01-09 19:00:00,,False,False,True,19,evening,3,0,weekday,moderate,1,Route-3,137,1.0,True,False,False,False,False,False,True,False,False,True,False,False,True,False,False,True,False,112,112.0,84.5,84.5
Route-3,2025-01-09 8:00 PM,9:08 PM,Sunny,112,23.07257529,31.31267441,68.0,2025-01-09 20:00:00,1900-01-01 21:08:00,True,False,False,20,evening,3,0,weekday,light,0,Route-3,137,1.0,False,False,True,False,False,True,False,False,False,True,False,False,True,False,False,True,False,112,112.0,68.0,68.0
Route-2,2025-01-09 9:00 PM,11:48 PM,Sunny,9,25.49509113,32.15353398,168.0,2025-01-09 21:00:00,1900-01-01 23:48:00,True,False,False,21,evening,3,0,weekday,light,0,Route-2,46,0.3357664233576642,False,False,True,False,False,True,False,False,True,False,False,False,True,False,False,True,False,9,9.0,168.0,168.0
Route-3,2025-01-09 10:00 PM,10.59PM,Cloudy,250,23.81921243,32.46300121,84.5,2025-01-09 22:00:00,,False,False,True,22,night,3,0,weekday,moderate,1,Route-3,137,1.0,True,False,False,False,False,False,True,False,False,True,False,False,False,False,True,True,False,250,250.0,84.5,84.5
Route-3,2025-01-09 11:00 PM,11:08 PM,Sunny,112,24.5542363,32.95667278,8.0,2025-01-09 23:00:00,1900-01-01 23:08:00,True,False,False,23,night,3,0,weekday,light,0,Route-3,137,1.0,False,False,True,False,False,True,False,False,False,True,False,False,False,False,True,True,False,112,112.0,8.0,8.0
Route-3,2025-01-10 12:00 AM,2:09 AM,Sunny,112,23.89617672,33.85159316,129.0,2025-01-10 00:00:00,1900-01-01 02:09:00,True,False,False,0,night,4,0,weekday,light,0,Route-3,137,1.0,False,False,True,False,False,True,False,False,False,True,False,False,False,False,True,True,False,112,112.0,129.0,129.0
Route-3,2025-01-10 1:00 AM,03.11AM,Cloudy,38,25.82203774,32.8019532,84.5,2025-01-10 01:00:00,,False,False,True,1,night,4,0,weekday,moderate,1,Route-3,137,1.0,True,False,False,False,False,False,True,False,False,True,False,False,False,False,True,True,False,38,38.0,84.5,84.5
Route-1,2025-01-10 2:00 AM,4:08 AM,Rainy,250,23.77789028,33.23078175,128.0,2025-01-10 02:00:00,1900-01-01 04:08:00,True,False,False,2,night,4,0,weekday,heavy,2,Route-1,69,0.5036496350364964,False,True,False,False,True,False,False,True,False,False,False,False,False,False,True,True,False,250,250.0,128.0,128.0
Route-1,2025-01-10 3:00 AM,2:52 AM,Sunny,250,24.28897044,32.51879818,-8.0,2025-01-10 03:00:00,1900-01-01 02:52:00,True,False,False,3,night,4,0,weekday,light,0,Route-1,69,0.5036496350364964,False,False,True,False,False,True,False,True,False,False,False,False,False,False,True,True,False,250,250.0,-8.0,-8.0
Route-2,2025-01-10 4:00 AM,3:59 AM,Rainy,38,25.61819075,32.90231209,-1.0,2025-01-10 04:00:00,1900-01-01 03:59:00,True,False,False,4,night,4,0,weekday,heavy,2,Route-2,46,0.3357664233576642,False,True,False,False,True,False,False,False,True,False,False,False,False,False,True,True,False,38,38.0,-1.0,-1.0
Route-1,2025-01-10 5:00 AM,,Unknown,112,25.5258007,31.21279665,84.5,2025-01-10 05:00:00,,False,False,True,5,night,4,0,weekday,light,0,Route-1,69,0.5036496350364964,False,False,False,True,False,True,False,True,False,False,False,False,False,False,True,True,False,112,112.0,84.5,84.5
Route-3,2025-01-10 6:00 AM,06.02AM,Cloudy,112,23.55830425,31.76317474,84.5,2025-01-10 06:00:00,,False,False,True,6,morning,4,0,weekday,moderate,1,Route-3,137,1.0,True,False,False,False,False,False,True,False,False,True,False,False,False,True,False,True,False,112,112.0,84.5,84.5
Route-3,2025-01-10 7:00 AM,,Unknown,2,25.40792993,32.08555928,84.5,2025-01-10 07:00:00,,False,False,True,7,morning,4,0,weekday,light,0,Route-3,137,1.0,False,False,False,True,False,True,False,False,False,True,False,False,False,True,False,True,False,2,4.970000000000001,84.5,84.5
Route-1,2025-01-10 8:00 AM,9:02 AM,Unknown,69,24.37456066,32.41748007,62.0,2025-01-10 08:00:00,1900-01-01 09:02:00,True,False,False,8,morning,4,0,weekday,light,0,Route-1,69,0.5036496350364964,False,False,False,True,False,True,False,True,False,False,False,False,False,True,False,True,False,69,69.0,62.0,62.0
Route-1,2025-01-10 9:00 AM,11.12AM,Cloudy,12,24.44890662,31.13694624,84.5,2025-01-10 09:00:00,,False,False,True,9,morning,4,0,weekday,moderate,1,Route-1,69,0.5036496350364964,True,False,False,False,False,False,True,True,False,False,False,False,False,True,False,True,False,12,12.0,84.5,84.5
Route-2,2025-01-10 10:00 AM,11:23 AM,Rainy,59,23.40043992,31.42007229,83.0,2025-01-10 10:00:00,1900-01-01 11:23:00,True,False,False,10,morning,4,0,weekday,heavy,2,Route-2,46,0.3357664233576642,False,True,False,False,True,False,False,False,True,False,False,False,False,True,False,True,False,59,59.0,83.0,83.0
Route-2,2025-01-10 11:00 AM,11.51AM,Rainy,112,23.24180454,31.83044292,84.5,2025-01-10 11:00:00,,False,False,True,11,morning,4,0,weekday,heavy,2,Route-2,46,0.3357664233576642,False,True,False,False,True,False,False,False,True,False,False,False,False,True,False,True,False,112,112.0,84.5,84.5
Route-3,2025-01-10 12:00 PM,1:49 PM,Sunny,250,25.18381792,33.91459807,109.0,2025-01-10 12:00:00,1900-01-01 13:49:00,True,False,False,12,afternoon,4,0,weekday,light,0,Route-3,137,1.0,False,False,True,False,False,True,False,False,False,True,False,True,False,False,False,True,False,250,250.0,109.0,109.0
Route-3,2025-01-10 1:00 PM,2:05 PM,Sunny,250,24.48938346,31.99404102,65.0,2025-01-10 13:00:00,1900-01-01 14:05:00,True,False,False,13,afternoon,4,0,weekday,light,0,Route-3,137,1.0,False,False,True,False,False,True,False,False,False,True,False,True,False,False,False,True,False,250,250.0,65.0,65.0
Route-2,2025-01-10 2:00 PM,,Sunny,112,24.31055211,32.44612317,84.5,2025-01-10 14:00:00,,False,False,True,14,afternoon,4,0,weekday,light,0,Route-2,46,0.3357664233576642,False,False,True,False,False,True,False,False,True,False,False,True,False,False,False,True,False,112,112.0,84.5,84.5
Route-1,2025-01-10 3:00 PM,5:19 PM,Cloudy,112,25.18852469,31.58829314,139.0,2025-01-10 15:00:00,1900-01-01 17:19:00,True,False,False,15,afternoon,4,0,weekday,moderate,1,Route-1,69,0.5036496350364964,True,False,False,False,False,False,True,True,False,False,False,True,False,False,False,True,False,112,112.0,139.0,139.0
Route-3,2025-01-10 4:00 PM,5:34 PM,Sunny,101,25.2965387,32.83234021,94.0,2025-01-10 16:00:00,1900-01-01 17:34:00,True,False,False,16,afternoon,4,0,weekday,light,0,Route-3,137,1.0,False,False,True,False,False,True,False,False,False,True,False,True,False,False,False,True,False,101,101.0,94.0,94.0
Route-3,2025-01-10 5:00 PM,5:19 PM,Rainy,250,23.4767245,31.84204965,19.0,2025-01-10 17:00:00,1900-01-01 17:19:00,True,False,False,17,evening,4,0,weekday,heavy,2,Route-3,137,1.0,False,True,False,False,True,False,False,False,False,True,False,False,True,False,False,True,False,250,250.0,19.0,19.0
Route-1,2025-01-10 6:00 PM,5:54 PM,Sunny,250,24.83067545,31.62097774,-6.0,2025-01-10 18:00:00,1900-01-01 17:54:00,True,False,False,18,evening,4,0,weekday,light,0,Route-1,69,0.5036496350364964,False,False,True,False,False,True,False,True,False,False,False,False,True,False,False,True,False,250,250.0,-6.0,-6.0
Route-2,2025-01-10 7:00 PM,09.23PM,Rainy,76,23.40606225,32.54971789,84.5,2025-01-10 19:00:00,,False,False,True,19,evening,4,0,weekday,heavy,2,Route-2,46,0.3357664233576642,False,True,False,False,True,False,False,False,True,False,False,False,True,False,False,True,False,76,76.0,84.5,84.5
Route-1,2025-01-10 8:00 PM,8:31 PM,Unknown,250,25.25412526,31.0165174,31.0,2025-01-10 20:00:00,1900-01-01 20:31:00,True,False,False,20,evening,4,0,weekday,light,0,Route-1,69,0.5036496350364964,False,False,False,True,False,True,False,True,False,False,False,False,True,False,False,True,False,250,250.0,31.0,31.0
Route-3,2025-01-10 9:00 PM,10:01 PM,Sunny,112,24.97086547,31.0229921,61.0,2025-01-10 21:00:00,1900-01-01 22:01:00,True,False,False,21,evening,4,0,weekday,light,0,Route-3,137,1.0,False,False,True,False,False,True,False,False,False,True,False,False,True,False,False,True,False,112,112.0,61.0,61.0
Route-4,2025-01-10 10:00 PM,10:21 PM,Rainy,15,25.86984386,31.65720643,21.0,2025-01-10 22:00:00,1900-01-01 22:21:00,True,False,False,22,night,4,0,weekday,heavy,2,Route-4,48,0.35036496350364965,False,True,False,False,True,False,False,False,False,False,True,False,False,False,True,True,False,15,15.0,21.0,21.0
Route-4,2025-01-10 11:00 PM,12:26 AM,Unknown,112,23.20687405,31.11016409,86.0,2025-01-10 23:00:00,1900-01-01 00:26:00,True,False,False,23,night,4,0,weekday,light,0,Route-4,48,0.35036496350364965,False,False,False,True,False,True,False,False,False,False,True,False,False,False,True,True,False,112,112.0,86.0,86.0
Route-3,2025-01-11 12:00 AM,2:22 AM,Sunny,112,23.17116416,31.32407726,142.0,2025-01-11 00:00:00,1900-01-01 02:22:00,True,False,False,0,night,5,1,weekend,light,0,Route-3,137,1.0,False,False,True,False,False,True,False,False,False,True,False,False,False,False,True,False,True,112,112.0,142.0,142.0
Route-1,2025-01-11 1:00 AM,1:42 AM,Unknown,250,23.84656122,32.01658195,42.0,2025-01-11 01:00:00,1900-01-01 01:42:00,True,False,False,1,night,5,1,weekend,light,0,Route-1,69,0.5036496350364964,False,False,False,True,False,True,False,True,False,False,False,False,False,False,True,False,True,250,250.0,42.0,42.0
Route-1,2025-01-11 2:00 AM,4:03 AM,Cloudy,103,23.78511705,33.40775704,123.0,2025-01-11 02:00:00,1900-01-01 04:03:00,True,False,False,2,night,5,1,weekend,moderate,1,Route-1,69,0.5036496350364964,True,False,False,False,False,False,True,True,False,False,False,False,False,False,True,False,True,103,103.0,123.0,123.0
Route-3,2025-01-11 3:00 AM,3:31 AM,Rainy,250,23.7409364,32.71614593,31.0,2025-01-11 03:00:00,1900-01-01 03:31:00,True,False,False,3,night,5,1,weekend,heavy,2,Route-3,137,1.0,False,True,False,False,True,False,False,False,False,True,False,False,False,False,True,False,True,250,250.0,31.0,31.0
Route-3,2025-01-11 4:00 AM,04.22AM,Rainy,112,25.71876374,32.53800318,84.5,2025-01-11 04:00:00,,False,False,True,4,night,5,1,weekend,heavy,2,Route-3,137,1.0,False,True,False,False,True,False,False,False,False,True,False,False,False,False,True,False,True,112,112.0,84.5,84.5
Route-3,2025-01-11 5:00 AM,7:33 AM,Rainy,250,23.7486386,31.88046647,153.0,2025-01-11 05:00:00,1900-01-01 07:33:00,True,False,False,5,night,5,1,weekend,heavy,2,Route-3,137,1.0,False,True,False,False,True,False,False,False,False,True,False,False,False,False,True,False,True,250,250.0,153.0,153.0
Route-3,2025-01-11 6:00 AM,7:26 AM,Cloudy,13,23.81584918,33.79526116,86.0,2025-01-11 06:00:00,1900-01-01 07:26:00,True,False,False,6,morning,5,1,weekend,moderate,1,Route-3,137,1.0,True,False,False,False,False,False,True,False,False,True,False,False,False,True,False,False,True,13,13.0,86.0,86.0
Route-1,2025-01-11 7:00 AM,9:52 AM,Cloudy,250,25.27819479,32.19104512,172.0,2025-01-11 07:00:00,1900-01-01 09:52:00,True,False,False,7,morning,5,1,weekend,moderate,1,Route-1,69,0.5036496350364964,True,False,False,False,False,False,True,True,False,False,False,False,False,True,False,False,True,250,250.0,172.0,172.0
Route-3,2025-01-11 8:00 AM,,Cloudy,112,24.34921953,31.2612783,84.5,2025-01-11 08:00:00,,False,False,True,8,morning,5,1,weekend,moderate,1,Route-3,137,1.0,True,False,False,False,False,False,True,False,False,True,False,False,False,True,False,False,True,112,112.0,84.5,84.5
Route-3,2025-01-11 9:00 AM,8:59 AM,Cloudy,112,25.33013167,32.85119955,-1.0,2025-01-11 09:00:00,1900-01-01 08:59:00,True,False,False,9,morning,5,1,weekend,moderate,1,Route-3,137,1.0,True,False,False,False,False,False,True,False,False,True,False,False,False,True,False,False,True,112,112.0,-1.0,-1.0
Route-1,2025-01-11 10:00 AM,11.26AM,Sunny,112,24.54423646,32.55524832,84.5,2025-01-11 10:00:00,,False,False,True,10,morning,5,1,weekend,light,0,Route-1,69,0.5036496350364964,False,False,True,False,False,True,False,True,False,False,False,False,False,True,False,False,True,112,112.0,84.5,84.5
Route-3,2025-01-11 11:00 AM,1:28 PM,Unknown,112,24.46271358,32.03566943,148.0,2025-01-11 11:00:00,1900-01-01 13:28:00,True,False,False,11,morning,5,1,weekend,light,0,Route-3,137,1.0,False,False,False,True,False,True,False,False,False,True,False,False,False,True,False,False,True,112,112.0,148.0,148.0
Route-3,2025-01-11 12:00 PM,2:49 PM,Cloudy,112,23.1008408,32.52223582,169.0,2025-01-11 12:00:00,1900-01-01 14:49:00,True,False,False,12,afternoon,5,1,weekend,moderate,1,Route-3,137,1.0,True,False,False,False,False,False,True,False,False,True,False,True,False,False,False,False,True,112,112.0,169.0,169.0
Route-3,2025-01-11 1:00 PM,12:54 PM,Rainy,59,23.18795961,33.62266757,-6.0,2025-01-11 13:00:00,1900-01-01 12:54:00,True,False,False,13,afternoon,5,1,weekend,heavy,2,Route-3,137,1.0,False,True,False,False,True,False,False,False,False,True,False,True,False,False,False,False,True,59,59.0,-6.0,-6.0
Route-1,2025-01-11 2:00 PM,3:05 PM,Rainy,112,25.71931236,32.48063974,65.0,2025-01-11 14:00:00,1900-01-01 15:05:00,True,False,False,14,afternoon,5,1,weekend,heavy,2,Route-1,69,0.5036496350364964,False,True,False,False,True,False,False,True,False,False,False,True,False,False,False,False,True,112,112.0,65.0,65.0
Route-3,2025-01-11 3:00 PM,4:24 PM,Cloudy,250,23.41773611,33.1067763,84.0,2025-01-11 15:00:00,1900-01-01 16:24:00,True,False,False,15,afternoon,5,1,weekend,moderate,1,Route-3,137,1.0,True,False,False,False,False,False,True,False,False,True,False,True,False,False,False,False,True,250,250.0,84.0,84.0
Route-1,2025-01-11 4:00 PM,04.25PM,Rainy,250,24.59726205,33.97845052,84.5,2025-01-11 16:00:00,,False,False,True,16,afternoon,5,1,weekend,heavy,2,Route-1,69,0.5036496350364964,False,True,False,False,True,False,False,True,False,False,False,True,False,False,False,False,True,250,250.0,84.5,84.5
Route-4,2025-01-11 5:00 PM,5:58 PM,Cloudy,112,24.23328681,31.39446736,58.0,2025-01-11 17:00:00,1900-01-01 17:58:00,True,False,False,17,evening,5,1,weekend,moderate,1,Route-4,48,0.35036496350364965,True,False,False,False,False,False,True,False,False,False,True,False,True,False,False,False,True,112,112.0,58.0,58.0
Route-2,2025-01-11 6:00 PM,07.33PM,Rainy,250,24.04202998,31.82419458,84.5,2025-01-11 18:00:00,,False,False,True,18,evening,5,1,weekend,heavy,2,Route-2,46,0.3357664233576642,False,True,False,False,True,False,False,False,True,False,False,False,True,False,False,False,True,250,250.0,84.5,84.5
Route-2,2025-01-11 7:00 PM,7:12 PM,Sunny,112,25.69950004,32.18372823,12.0,2025-01-11 19:00:00,1900-01-01 19:12:00,True,False,False,19,evening,5,1,weekend,light,0,Route-2,46,0.3357664233576642,False,False,True,False,False,True,False,False,True,False,False,False,True,False,False,False,True,112,112.0,12.0,12.0
Route-2,2025-01-11 8:00 PM,09.36PM,Sunny,112,23.06547019,32.26548454,84.5,2025-01-11 20:00:00,,False,False,True,20,evening,5,1,weekend,light,0,Route-2,46,0.3357664233576642,False,False,True,False,False,True,False,False,True,False,False,False,True,False,False,False,True,112,112.0,84.5,84.5
Route-3,2025-01-11 9:00 PM,11.59PM,Unknown,250,24.99136906,32.23306323,84.5,2025-01-11 21:00:00,,False,False,True,21,evening,5,1,weekend,light,0,Route-3,137,1.0,False,False,False,True,False,True,False,False,False,True,False,False,True,False,False,False,True,250,250.0,84.5,84.5
Route-4,2025-01-11 10:00 PM,11:40 PM,Unknown,9,25.8901833,33.72283301,100.0,2025-01-11 22:00:00,1900-01-01 23:40:00,True,False,False,22,night,5,1,weekend,light,0,Route-4,48,0.35036496350364965,False,False,False,True,False,True,False,False,False,False,True,False,False,False,True,False,True,9,9.0,100.0,100.0
Route-1,2025-01-11 11:00 PM,12:29 AM,Sunny,53,24.68050455,33.14209793,89.0,2025-01-11 23:00:00,1900-01-01 00:29:00,True,False,False,23,night,5,1,weekend,light,0,Route-1,69,0.5036496350364964,False,False,True,False,False,True,False,True,False,False,False,False,False,False,True,False,True,53,53.0,89.0,89.0
Route-3,2025-01-12 12:00 AM,1:01 AM,Sunny,13,25.81046739,32.82371564,61.0,2025-01-12 00:00:00,1900-01-01 01:01:00,True,False,False,0,night,6,1,weekend,light,0,Route-3,137,1.0,False,False,True,False,False,True,False,False,False,True,False,False,False,False,True,False,True,13,13.0,61.0,61.0
Route-1,2025-01-12 1:00 AM,2:21 AM,Cloudy,250,23.15677364,31.92811815,81.0,2025-01-12 01:00:00,1900-01-01 02:21:00,True,False,False,1,night,6,1,weekend,moderate,1,Route-1,69,0.5036496350364964,True,False,False,False,False,False,True,True,False,False,False,False,False,False,True,False,True,250,250.0,81.0,81.0
Route-3,2025-01-12 2:00 AM,2:40 AM,Cloudy,112,24.25637996,33.47137115,40.0,2025-01-12 02:00:00,1900-01-01 02:40:00,True,False,False,2,night,6,1,weekend,moderate,1,Route-3,137,1.0,True,False,False,False,False,False,True,False,False,True,False,False,False,False,True,False,True,112,112.0,40.0,40.0
Route-1,2025-01-12 3:00 AM,03.30AM,Rainy,24,23.78047337,33.86518153,84.5,2025-01-12 03:00:00,,False,False,True,3,night,6,1,weekend,heavy,2,Route-1,69,0.5036496350364964,False,True,False,False,True,False,False,True,False,False,False,False,False,False,True,False,True,24,24.0,84.5,84.5
Route-4,2025-01-12 4:00 AM,03.50AM,Rainy,7,25.19246289,33.46359485,84.5,2025-01-12 04:00:00,,False,False,True,4,night,6,1,weekend,heavy,2,Route-4,48,0.35036496350364965,False,True,False,False,True,False,False,False,False,False,True,False,False,False,True,False,True,7,7.0,84.5,84.5
Route-3,2025-01-12 5:00 AM,06.19AM,Cloudy,112,25.94389127,31.00469532,84.5,2025-01-12 05:00:00,,False,False,True,5,night,6,1,weekend,moderate,1,Route-3,137,1.0,True,False,False,False,False,False,True,False,False,True,False,False,False,False,True,False,True,112,112.0,84.5,84.5
Route-3,2025-01-12 6:00 AM,6:46 AM,Cloudy,67,23.76959019,32.90920411,46.0,2025-01-12 06:00:00,1900-01-01 06:46:00,True,False,False,6,morning,6,1,weekend,moderate,1,Route-3,137,1.0,True,False,False,False,False,False,True,False,False,True,False,False,False,True,False,False,True,67,67.0,46.0,46.0
Route-1,2025-01-12 7:00 AM,7:44 AM,Sunny,31,24.9625238,31.15340614,44.0,2025-01-12 07:00:00,1900-01-01 07:44:00,True,False,False,7,morning,6,1,weekend,light,0,Route-1,69,0.5036496350364964,False,False,True,False,False,True,False,True,False,False,False,False,False,True,False,False,True,31,31.0,44.0,44.0
Route-1,2025-01-12 8:00 AM,10:18 AM,Unknown,250,23.5942929,31.77282166,138.0,2025-01-12 08:00:00,1900-01-01 10:18:00,True,False,False,8,morning,6,1,weekend,light,0,Route-1,69,0.5036496350364964,False,False,False,True,False,True,False,True,False,False,False,False,False,True,False,False,True,250,250.0,138.0,138.0
Route-3,2025-01-12 9:00 AM,,Sunny,250,24.69599076,31.1785741,84.5,2025-01-12 09:00:00,,False,False,True,9,morning,6,1,weekend,light,0,Route-3,137,1.0,False,False,True,False,False,True,False,False,False,True,False,False,False,True,False,False,True,250,250.0,84.5,84.5
Route-3,2025-01-12 10:00 AM,12:49 PM,Rainy,112,24.39179746,32.81138636,169.0,2025-01-12 10:00:00,1900-01-01 12:49:00,True,False,False,10,morning,6,1,weekend,heavy,2,Route-3,137,1.0,False,True,False,False,True,False,False,False,False,True,False,False,False,True,False,False,True,112,112.0,169.0,169.0
Route-3,2025-01-12 11:00 AM,,Sunny,112,25.91601599,33.05976974,84.5,2025-01-12 11:00:00,,False,False,True,11,morning,6,1,weekend,light,0,Route-3,137,1.0,False,False,True,False,False,True,False,False,False,True,False,False,False,True,False,False,True,112,112.0,84.5,84.5
Route-4,2025-01-12 12:00 PM,12:52 PM,Sunny,112,24.82558182,31.34346291,52.0,2025-01-12 12:00:00,1900-01-01 12:52:00,True,False,False,12,afternoon,6,1,weekend,light,0,Route-4,48,0.35036496350364965,False,False,True,False,False,True,False,False,False,False,True,True,False,False,False,False,True,112,112.0,52.0,52.0
Route-3,2025-01-12 1:00 PM,01.27PM,Sunny,112,24.04851912,32.15151665,84.5,2025-01-12 13:00:00,,False,False,True,13,afternoon,6,1,weekend,light,0,Route-3,137,1.0,False,False,True,False,False,True,False,False,False,True,False,True,False,False,False,False,True,112,112.0,84.5,84.5
Route-3,2025-01-12 2:00 PM,4:31 PM,Sunny,250,23.34228735,32.36870953,151.0,2025-01-12 14:00:00,1900-01-01 16:31:00,True,False,False,14,afternoon,6,1,weekend,light,0,Route-3,137,1.0,False,False,True,False,False,True,False,False,False,True,False,True,False,False,False,False,True,250,250.0,151.0,151.0
Route-3,2025-01-12 3:00 PM,5:40 PM,Sunny,49,23.45374049,32.10715907,160.0,2025-01-12 15:00:00,1900-01-01 17:40:00,True,False,False,15,afternoon,6,1,weekend,light,0,Route-3,137,1.0,False,False,True,False,False,True,False,False,False,True,False,True,False,False,False,False,True,49,49.0,160.0,160.0
Route-2,2025-01-12 4:00 PM,06.48PM,Cloudy,78,23.67595079,31.363075,84.5,2025-01-12 16:00:00,,False,False,True,16,afternoon,6,1,weekend,moderate,1,Route-2,46,0.3357664233576642,True,False,False,False,False,False,True,False,True,False,False,True,False,False,False,False,True,78,78.0,84.5,84.5
Route-4,2025-01-12 5:00 PM,07.49PM,Sunny,112,23.75289998,32.25684337,84.5,2025-01-12 17:00:00,,False,False,True,17,evening,6,1,weekend,light,0,Route-4,48,0.35036496350364965,False,False,True,False,False,True,False,False,False,False,True,False,True,False,False,False,True,112,112.0,84.5,84.5
Route-1,2025-01-12 6:00 PM,,Sunny,112,25.55184817,33.25353414,84.5,2025-01-12 18:00:00,,False,False,True,18,evening,6,1,weekend,light,0,Route-1,69,0.5036496350364964,False,False,True,False,False,True,False,True,False,False,False,False,True,False,False,False,True,112,112.0,84.5,84.5
Route-3,2025-01-12 7:00 PM,7:18 PM,Cloudy,112,24.68366836,31.21302299,18.0,2025-01-12 19:00:00,1900-01-01 19:18:00,True,False,False,19,evening,6,1,weekend,moderate,1,Route-3,137,1.0,True,False,False,False,False,False,True,False,False,True,False,False,True,False,False,False,True,112,112.0,18.0,18.0
Route-1,2025-01-12 8:00 PM,10.23PM,Cloudy,15,24.57017273,31.24054004,84.5,2025-01-12 20:00:00,,False,False,True,20,evening,6,1,weekend,moderate,1,Route-1,69,0.5036496350364964,True,False,False,False,False,False,True,True,False,False,False,False,True,False,False,False,True,15,15.0,84.5,84.5
Route-4,2025-01-12 9:00 PM,10:10 PM,Unknown,102,23.34430662,32.06431388,70.0,2025-01-12 21:00:00,1900-01-01 22:10:00,True,False,False,21,evening,6,1,weekend,light,0,Route-4,48,0.35036496350364965,False,False,False,True,False,True,False,False,False,False,True,False,True,False,False,False,True,102,102.0,70.0,70.0
Route-3,2025-01-12 10:00 PM,11.47PM,Unknown,51,25.58041908,33.82517713,84.5,2025-01-12 22:00:00,,False,False,True,22,night,6,1,weekend,light,0,Route-3,137,1.0,False,False,False,True,False,True,False,False,False,True,False,False,False,False,True,False,True,51,51.0,84.5,84.5
Route-4,2025-01-12 11:00 PM,,Rainy,112,25.16844291,33.00571794,84.5,2025-01-12 23:00:00,,False,False,True,23,night,6,1,weekend,heavy,2,Route-4,48,0.35036496350364965,False,True,False,False,True,False,False,False,False,False,True,False,False,False,True,False,True,112,112.0,84.5,84.5
Route-3,2025-01-13 12:00 AM,12:38 AM,Rainy,112,23.20300509,33.03600987,38.0,2025-01-13 00:00:00,1900-01-01 00:38:00,True,False,False,0,night,0,0,weekday,heavy,2,Route-3,137,1.0,False,True,False,False,True,False,False,False,False,True,False,False,False,False,True,True,False,112,112.0,38.0,38.0
Route-3,2025-01-13 1:00 AM,03.10AM,Sunny,112,25.12350529,32.08575997,84.5,2025-01-13 01:00:00,,False,False,True,1,night,0,0,weekday,light,0,Route-3,137,1.0,False,False,True,False,False,True,False,False,False,True,False,False,False,False,True,True,False,112,112.0,84.5,84.5
Route-3,2025-01-13 2:00 AM,3:52 AM,Unknown,250,24.63061465,32.78098237,112.0,2025-01-13 02:00:00,1900-01-01 03:52:00,True,False,False,2,night,0,0,weekday,light,0,Route-3,137,1.0,False,False,False,True,False,True,False,False,False,True,False,False,False,False,True,True,False,250,250.0,112.0,112.0
Route-1,2025-01-13 3:00 AM,5:27 AM,Cloudy,85,23.24517604,31.03039355,147.0,2025-01-13 03:00:00,1900-01-01 05:27:00,True,False,False,3,night,0,0,weekday,moderate,1,Route-1,69,0.5036496350364964,True,False,False,False,False,False,True,True,False,False,False,False,False,False,True,True,False,85,85.0,147.0,147.0
Route-1,2025-01-13 4:00 AM,4:19 AM,Sunny,112,24.37490192,32.90828814,19.0,2025-01-13 04:00:00,1900-01-01 04:19:00,True,False,False,4,night,0,0,weekday,light,0,Route-1,69,0.5036496350364964,False,False,True,False,False,True,False,True,False,False,False,False,False,False,True,True,False,112,112.0,19.0,19.0
Route-3,2025-01-13 5:00 AM,,Unknown,90,24.45408886,33.73986084,84.5,2025-01-13 05:00:00,,False,False,True,5,night,0,0,weekday,light,0,Route-3,137,1.0,False,False,False,True,False,True,False,False,False,True,False,False,False,False,True,True,False,90,90.0,84.5,84.5
Route-3,2025-01-13 6:00 AM,08.44AM,Sunny,112,23.49732362,32.83772041,84.5,2025-01-13 06:00:00,,False,False,True,6,morning,0,0,weekday,light,0,Route-3,137,1.0,False,False,True,False,False,True,False,False,False,True,False,False,False,True,False,True,False,112,112.0,84.5,84.5
Route-4,2025-01-13 7:00 AM,08.42AM,Unknown,112,25.83709444,33.62109578,84.5,2025-01-13 07:00:00,,False,False,True,7,morning,0,0,weekday,light,0,Route-4,48,0.35036496350364965,False,False,False,True,False,True,False,False,False,False,True,False,False,True,False,True,False,112,112.0,84.5,84.5
Route-4,2025-01-13 8:00 AM,10:48 AM,Sunny,38,25.54992611,33.17191917,168.0,2025-01-13 08:00:00,1900-01-01 10:48:00,True,False,False,8,morning,0,0,weekday,light,0,Route-4,48,0.35036496350364965,False,False,True,False,False,True,False,False,False,False,True,False,False,True,False,True,False,38,38.0,168.0,168.0
Route-3,2025-01-13 9:00 AM,8:57 AM,Unknown,250,25.00706701,31.36167525,-3.0,2025-01-13 09:00:00,1900-01-01 08:57:00,True,False,False,9,morning,0,0,weekday,light,0,Route-3,137,1.0,False,False,False,True,False,True,False,False,False,True,False,False,False,True,False,True,False,250,250.0,-3.0,-3.0
Route-3,2025-01-13 10:00 AM,,Cloudy,84,24.38688668,33.70735992,84.5,2025-01-13 10:00:00,,False,False,True,10,morning,0,0,weekday,moderate,1,Route-3,137,1.0,True,False,False,False,False,False,True,False,False,True,False,False,False,True,False,True,False,84,84.0,84.5,84.5
Route-1,2025-01-13 11:00 AM,10.59AM,Unknown,44,24.23529662,31.19933153,84.5,2025-01-13 11:00:00,,False,False,True,11,morning,0,0,weekday,light,0,Route-1,69,0.5036496350364964,False,False,False,True,False,True,False,True,False,False,False,False,False,True,False,True,False,44,44.0,84.5,84.5
